geo,decile,time,u5mr
afg,d01,2022,79.33
afg,d02,2022,69.24
afg,d03,2022,62.51
afg,d04,2022,59.47
afg,d05,2022,55.4
afg,d06,2022,52.64
afg,d07,2022,50.02
afg,d08,2022,42.88
afg,d09,2022,38.86
afg,d10,2022,33.4
ago,d01,2022,94.69
ago,d02,2022,89.87
ago,d03,2022,84.03
ago,d04,2022,77.12
ago,d05,2022,70.51
ago,d06,2022,65.08
ago,d07,2022,54.51
ago,d08,2022,49.51
ago,d09,2022,42.76
ago,d10,2022,27.97
alb,d01,2022,26.71
alb,d02,2022,19.14
alb,d03,2022,13.37
alb,d04,2022,10.09
alb,d05,2022,7.72
alb,d06,2022,7.29
alb,d07,2022,4.77
alb,d08,2022,4.04
alb,d09,2022,3.64
alb,d10,2022,1.28
are,d01,2022,13.56
are,d02,2022,9.04
are,d03,2022,7.23
are,d04,2022,6
are,d05,2022,5.4
are,d06,2022,4.97
are,d07,2022,4.62
are,d08,2022,4.34
are,d09,2022,3.79
are,d10,2022,3.79
arg,d01,2022,10.97
arg,d02,2022,8.78
arg,d03,2022,7.46
arg,d04,2022,6.72
arg,d05,2022,6.18
arg,d06,2022,5.62
arg,d07,2022,5.35
arg,d08,2022,5.1
arg,d09,2022,4.86
arg,d10,2022,4.62
arm,d01,2022,21.67
arm,d02,2022,16.83
arm,d03,2022,13.63
arm,d04,2022,12.41
arm,d05,2022,11.8
arm,d06,2022,11.21
arm,d07,2022,9.15
arm,d08,2022,8.63
arm,d09,2022,6.37
arm,d10,2022,1.79
atg,d01,2022,11.11
atg,d02,2022,8.74
atg,d03,2022,7.08
atg,d04,2022,6.25
atg,d05,2022,5.67
atg,d06,2022,5.39
atg,d07,2022,5.13
atg,d08,2022,4.88
atg,d09,2022,4.64
atg,d10,2022,3.79
aus,d01,2022,6.75
aus,d02,2022,4.85
aus,d03,2022,4.13
aus,d04,2022,3.57
aus,d05,2022,3.23
aus,d06,2022,2.97
aus,d07,2022,2.76
aus,d08,2022,2.61
aus,d09,2022,2.39
aus,d10,2022,2.37
aut,d01,2022,5.65
aut,d02,2022,4.06
aut,d03,2022,3.46
aut,d04,2022,2.99
aut,d05,2022,2.71
aut,d06,2022,2.49
aut,d07,2022,2.31
aut,d08,2022,2.19
aut,d09,2022,2
aut,d10,2022,1.98
aze,d01,2022,27.52
aze,d02,2022,23.64
aze,d03,2022,21.28
aze,d04,2022,20.94
aze,d05,2022,19.95
aze,d06,2022,19
aze,d07,2022,17.87
aze,d08,2022,17.03
aze,d09,2022,14.33
aze,d10,2022,9.87
bdi,d01,2022,76.17
bdi,d02,2022,67.66
bdi,d03,2022,60.49
bdi,d04,2022,54.74
bdi,d05,2022,48.92
bdi,d06,2022,46.5
bdi,d07,2022,42.39
bdi,d08,2022,38.4
bdi,d09,2022,36.31
bdi,d10,2022,30.95
bel,d01,2022,7.84
bel,d02,2022,5.23
bel,d03,2022,4.18
bel,d04,2022,3.47
bel,d05,2022,3.13
bel,d06,2022,2.88
bel,d07,2022,2.67
bel,d08,2022,2.51
bel,d09,2022,2.19
bel,d10,2022,2.19
ben,d01,2022,100.1
ben,d02,2022,98.11
ben,d03,2022,95.41
ben,d04,2022,93.08
ben,d05,2022,88.44
ben,d06,2022,84.03
ben,d07,2022,78.68
ben,d08,2022,71.72
ben,d09,2022,62.76
ben,d10,2022,38.13
bfa,d01,2022,101.62
bfa,d02,2022,97.63
bfa,d03,2022,93.31
bfa,d04,2022,88.52
bfa,d05,2022,84.13
bfa,d06,2022,78.57
bfa,d07,2022,73.44
bfa,d08,2022,67.89
bfa,d09,2022,59.54
bfa,d10,2022,37.15
bgd,d01,2022,33.44
bgd,d02,2022,31.84
bgd,d03,2022,30.44
bgd,d04,2022,29.12
bgd,d05,2022,27.69
bgd,d06,2022,25.73
bgd,d07,2022,24.06
bgd,d08,2022,22.32
bgd,d09,2022,20.06
bgd,d10,2022,17.01
bgr,d01,2022,14.94
bgr,d02,2022,10.97
bgr,d03,2022,8.21
bgr,d04,2022,6.73
bgr,d05,2022,5.87
bgr,d06,2022,4.98
bgr,d07,2022,4.35
bgr,d08,2022,3.87
bgr,d09,2022,3.46
bgr,d10,2022,3.31
bhr,d01,2022,14.82
bhr,d02,2022,9.88
bhr,d03,2022,7.91
bhr,d04,2022,6.56
bhr,d05,2022,5.91
bhr,d06,2022,5.43
bhr,d07,2022,5.05
bhr,d08,2022,4.75
bhr,d09,2022,4.15
bhr,d10,2022,4.15
bhs,d01,2022,25.51
bhs,d02,2022,19.13
bhs,d03,2022,15.3
bhs,d04,2022,12.7
bhs,d05,2022,10.27
bhs,d06,2022,8.93
bhs,d07,2022,7.76
bhs,d08,2022,7.06
bhs,d09,2022,6.3
bhs,d10,2022,6.18
bih,d01,2022,10.2
bih,d02,2022,7.33
bih,d03,2022,6.24
bih,d04,2022,5.39
bih,d05,2022,4.88
bih,d06,2022,4.49
bih,d07,2022,4.17
bih,d08,2022,3.94
bih,d09,2022,3.61
bih,d10,2022,3.58
blr,d01,2022,5.94
blr,d02,2022,4.49
blr,d03,2022,3.5
blr,d04,2022,3.04
blr,d05,2022,2.78
blr,d06,2022,2.53
blr,d07,2022,2.12
blr,d08,2022,1.95
blr,d09,2022,1.56
blr,d10,2022,0.9
blz,d01,2022,18.38
blz,d02,2022,15.87
blz,d03,2022,13.79
blz,d04,2022,12.42
blz,d05,2022,11.44
blz,d06,2022,9.94
blz,d07,2022,9.23
blz,d08,2022,8.79
blz,d09,2022,8.36
blz,d10,2022,7.96
bol,d01,2022,42.07
bol,d02,2022,35.39
bol,d03,2022,29.27
bol,d04,2022,24.39
bol,d05,2022,20
bol,d06,2022,18.74
bol,d07,2022,15.52
bol,d08,2022,14.21
bol,d09,2022,13.51
bol,d10,2022,12.85
bra,d01,2022,27.47
bra,d02,2022,21.92
bra,d03,2022,17.69
bra,d04,2022,14.59
bra,d05,2022,12.04
bra,d06,2022,10.45
bra,d07,2022,9.17
bra,d08,2022,8.77
bra,d09,2022,8.17
bra,d10,2022,7.82
brb,d01,2022,22.36
brb,d02,2022,16.77
brb,d03,2022,13.41
brb,d04,2022,11.13
brb,d05,2022,9
brb,d06,2022,7.83
brb,d07,2022,6.8
brb,d08,2022,6.19
brb,d09,2022,5.52
brb,d10,2022,5.42
brn,d01,2022,21.1
brn,d02,2022,16.61
brn,d03,2022,13.45
brn,d04,2022,11.87
brn,d05,2022,10.76
brn,d06,2022,10.24
brn,d07,2022,9.74
brn,d08,2022,9.27
brn,d09,2022,8.82
brn,d10,2022,7.19
btn,d01,2022,39.38
btn,d02,2022,35.39
btn,d03,2022,32.71
btn,d04,2022,31.2
btn,d05,2022,28.72
btn,d06,2022,27.3
btn,d07,2022,24.6
btn,d08,2022,19.49
btn,d09,2022,15.55
btn,d10,2022,6.63
bwa,d01,2022,46.53
bwa,d02,2022,40.11
bwa,d03,2022,36.07
bwa,d04,2022,33.09
bwa,d05,2022,29.9
bwa,d06,2022,28.43
bwa,d07,2022,27.04
bwa,d08,2022,25.72
bwa,d09,2022,23.5
bwa,d10,2022,13.23
caf,d01,2022,123.13
caf,d02,2022,114.3
caf,d03,2022,108.07
caf,d04,2022,104.89
caf,d05,2022,99.65
caf,d06,2022,94.67
caf,d07,2022,89.94
caf,d08,2022,84.84
caf,d09,2022,76.06
caf,d10,2022,48.35
can,d01,2022,8.61
can,d02,2022,6.19
can,d03,2022,5.27
can,d04,2022,4.55
can,d05,2022,4.12
can,d06,2022,3.79
can,d07,2022,3.52
can,d08,2022,3.33
can,d09,2022,3.05
can,d10,2022,3.02
che,d01,2022,6.73
che,d02,2022,4.84
che,d03,2022,4.12
che,d04,2022,3.56
che,d05,2022,3.22
che,d06,2022,2.96
che,d07,2022,2.75
che,d08,2022,2.6
che,d09,2022,2.39
che,d10,2022,2.36
chl,d01,2022,11.34
chl,d02,2022,9.07
chl,d03,2022,7.71
chl,d04,2022,6.94
chl,d05,2022,6.39
chl,d06,2022,5.81
chl,d07,2022,5.53
chl,d08,2022,5.27
chl,d09,2022,5.02
chl,d10,2022,4.78
chn,d01,2022,16.58
chn,d02,2022,12.18
chn,d03,2022,9.11
chn,d04,2022,7.47
chn,d05,2022,6.51
chn,d06,2022,5.53
chn,d07,2022,4.83
chn,d08,2022,4.3
chn,d09,2022,3.84
chn,d10,2022,3.67
civ,d01,2022,88.95
civ,d02,2022,84.52
civ,d03,2022,80.49
civ,d04,2022,76.95
civ,d05,2022,72.78
civ,d06,2022,68.17
civ,d07,2022,64.79
civ,d08,2022,60.07
civ,d09,2022,54.37
civ,d10,2022,31.5
cmr,d01,2022,89.04
cmr,d02,2022,84.57
cmr,d03,2022,79.72
cmr,d04,2022,74.83
cmr,d05,2022,70.27
cmr,d06,2022,64.03
cmr,d07,2022,58.08
cmr,d08,2022,52.01
cmr,d09,2022,44.83
cmr,d10,2022,24.68
cod,d01,2022,105.54
cod,d02,2022,94.08
cod,d03,2022,84.83
cod,d04,2022,80.99
cod,d05,2022,76.93
cod,d06,2022,73.08
cod,d07,2022,69.16
cod,d08,2022,64.3
cod,d09,2022,59.11
cod,d10,2022,37.79
cog,d01,2022,65.01
cog,d02,2022,57.2
cog,d03,2022,50.62
cog,d04,2022,44.56
cog,d05,2022,38.74
cog,d06,2022,31.75
cog,d07,2022,29.87
cog,d08,2022,27.02
cog,d09,2022,23.39
cog,d10,2022,19.69
col,d01,2022,21.96
col,d02,2022,18.02
col,d03,2022,14.82
col,d04,2022,13.07
col,d05,2022,12.32
col,d06,2022,10.63
col,d07,2022,9.13
col,d08,2022,8.7
col,d09,2022,7.9
col,d10,2022,3.8
com,d01,2022,61.12
com,d02,2022,53.37
com,d03,2022,49.12
com,d04,2022,48.36
com,d05,2022,45.94
com,d06,2022,43.65
com,d07,2022,41.47
com,d08,2022,39.4
com,d09,2022,37.43
com,d10,2022,20.67
cpv,d01,2022,23.62
cpv,d02,2022,20.18
cpv,d03,2022,17.45
cpv,d04,2022,15.67
cpv,d05,2022,14.18
cpv,d06,2022,12.29
cpv,d07,2022,11.29
cpv,d08,2022,9.88
cpv,d09,2022,8.7
cpv,d10,2022,5.54
cri,d01,2022,15.59
cri,d02,2022,11.28
cri,d03,2022,9.29
cri,d04,2022,8.03
cri,d05,2022,7.31
cri,d06,2022,6.69
cri,d07,2022,6.3
cri,d08,2022,5.96
cri,d09,2022,5.45
cri,d10,2022,5.31
cub,d01,2022,8.36
cub,d02,2022,7.27
cub,d03,2022,6.31
cub,d04,2022,5.55
cub,d05,2022,4.81
cub,d06,2022,4.33
cub,d07,2022,3.7
cub,d08,2022,3.04
cub,d09,2022,2.66
cub,d10,2022,1.47
cyp,d01,2022,3.66
cyp,d02,2022,2.93
cyp,d03,2022,2.69
cyp,d04,2022,2.43
cyp,d05,2022,2.21
cyp,d06,2022,2.03
cyp,d07,2022,1.89
cyp,d08,2022,1.8
cyp,d09,2022,1.72
cyp,d10,2022,1.69
cze,d01,2022,6.09
cze,d02,2022,4.06
cze,d03,2022,3.25
cze,d04,2022,2.7
cze,d05,2022,2.43
cze,d06,2022,2.23
cze,d07,2022,2.08
cze,d08,2022,1.95
cze,d09,2022,1.7
cze,d10,2022,1.7
deu,d01,2022,6.31
deu,d02,2022,4.54
deu,d03,2022,3.86
deu,d04,2022,3.33
deu,d05,2022,3.02
deu,d06,2022,2.78
deu,d07,2022,2.58
deu,d08,2022,2.44
deu,d09,2022,2.24
deu,d10,2022,2.21
dji,d01,2022,64.65
dji,d02,2022,59.43
dji,d03,2022,55.55
dji,d04,2022,53.92
dji,d05,2022,51.25
dji,d06,2022,48.71
dji,d07,2022,46.29
dji,d08,2022,44
dji,d09,2022,41.82
dji,d10,2022,33.71
dnk,d01,2022,8.07
dnk,d02,2022,5.38
dnk,d03,2022,4.3
dnk,d04,2022,3.57
dnk,d05,2022,3.21
dnk,d06,2022,2.96
dnk,d07,2022,2.75
dnk,d08,2022,2.58
dnk,d09,2022,2.26
dnk,d10,2022,2.26
dom,d01,2022,44.58
dom,d02,2022,39.19
dom,d03,2022,36.28
dom,d04,2022,35.18
dom,d05,2022,33.42
dom,d06,2022,31.2
dom,d07,2022,29.64
dom,d08,2022,28.16
dom,d09,2022,23.07
dom,d10,2022,18.92
dza,d01,2022,28.94
dza,d02,2022,24.53
dza,d03,2022,22.09
dza,d04,2022,21.01
dza,d05,2022,19.94
dza,d06,2022,18.93
dza,d07,2022,17.97
dza,d08,2022,17.06
dza,d09,2022,16.19
dza,d10,2022,15.37
ecu,d01,2022,20.28
ecu,d02,2022,17.51
ecu,d03,2022,15.22
ecu,d04,2022,13.71
ecu,d05,2022,12.62
ecu,d06,2022,10.97
ecu,d07,2022,10.19
ecu,d08,2022,9.7
ecu,d09,2022,9.23
ecu,d10,2022,8.79
egy,d01,2022,29.4
egy,d02,2022,25.18
egy,d03,2022,22.13
egy,d04,2022,20.4
egy,d05,2022,19.14
egy,d06,2022,17.58
egy,d07,2022,16.17
egy,d08,2022,15.39
egy,d09,2022,14.09
egy,d10,2022,13.27
eri,d01,2022,51.61
eri,d02,2022,46.58
eri,d03,2022,42.85
eri,d04,2022,40.69
eri,d05,2022,38.42
eri,d06,2022,35.91
eri,d07,2022,33.59
eri,d08,2022,31.94
eri,d09,2022,29.82
eri,d10,2022,28.22
esp,d01,2022,4.91
esp,d02,2022,3.53
esp,d03,2022,3
esp,d04,2022,2.59
esp,d05,2022,2.35
esp,d06,2022,2.16
esp,d07,2022,2.01
esp,d08,2022,1.9
esp,d09,2022,1.74
esp,d10,2022,1.72
est,d01,2022,4.51
est,d02,2022,3.24
est,d03,2022,2.76
est,d04,2022,2.38
est,d05,2022,2.16
est,d06,2022,1.98
est,d07,2022,1.84
est,d08,2022,1.74
est,d09,2022,1.6
est,d10,2022,1.58
eth,d01,2022,57.98
eth,d02,2022,53.24
eth,d03,2022,50.4
eth,d04,2022,49.14
eth,d05,2022,46.7
eth,d06,2022,44.11
eth,d07,2022,41.93
eth,d08,2022,39.86
eth,d09,2022,34.85
eth,d10,2022,23.03
fin,d01,2022,2.65
fin,d02,2022,2.12
fin,d03,2022,1.95
fin,d04,2022,1.76
fin,d05,2022,1.6
fin,d06,2022,1.47
fin,d07,2022,1.37
fin,d08,2022,1.3
fin,d09,2022,1.25
fin,d10,2022,1.22
fji,d01,2022,39.3
fji,d02,2022,30.94
fji,d03,2022,25.06
fji,d04,2022,22.1
fji,d05,2022,20.05
fji,d06,2022,19.07
fji,d07,2022,18.15
fji,d08,2022,17.27
fji,d09,2022,16.43
fji,d10,2022,13.39
fra,d01,2022,7.41
fra,d02,2022,5.32
fra,d03,2022,4.53
fra,d04,2022,3.91
fra,d05,2022,3.54
fra,d06,2022,3.26
fra,d07,2022,3.03
fra,d08,2022,2.86
fra,d09,2022,2.62
fra,d10,2022,2.6
fsm,d01,2022,41.58
fsm,d02,2022,32.74
fsm,d03,2022,26.51
fsm,d04,2022,23.39
fsm,d05,2022,21.21
fsm,d06,2022,20.18
fsm,d07,2022,19.2
fsm,d08,2022,18.27
fsm,d09,2022,17.39
fsm,d10,2022,14.17
gab,d01,2022,56.99
gab,d02,2022,48.18
gab,d03,2022,42.33
gab,d04,2022,40.06
gab,d05,2022,38.08
gab,d06,2022,36.21
gab,d07,2022,34.43
gab,d08,2022,32.74
gab,d09,2022,31.13
gab,d10,2022,23.08
gbr,d01,2022,5.45
gbr,d02,2022,4.36
gbr,d03,2022,4.01
gbr,d04,2022,3.61
gbr,d05,2022,3.28
gbr,d06,2022,3.02
gbr,d07,2022,2.81
gbr,d08,2022,2.67
gbr,d09,2022,2.56
gbr,d10,2022,2.51
geo,d01,2022,17.41
geo,d02,2022,14.49
geo,d03,2022,12.55
geo,d04,2022,11.06
geo,d05,2022,9.27
geo,d06,2022,8.75
geo,d07,2022,8.31
geo,d08,2022,7.49
geo,d09,2022,5.41
geo,d10,2022,1.02
gha,d01,2022,61.83
gha,d02,2022,51.85
gha,d03,2022,46.85
gha,d04,2022,45.98
gha,d05,2022,43.7
gha,d06,2022,41.54
gha,d07,2022,39.48
gha,d08,2022,37.53
gha,d09,2022,35.14
gha,d10,2022,31.13
gin,d01,2022,131.5
gin,d02,2022,123.39
gin,d03,2022,116.36
gin,d04,2022,110.06
gin,d05,2022,104.43
gin,d06,2022,92.75
gin,d07,2022,81.86
gin,d08,2022,72.82
gin,d09,2022,57.2
gin,d10,2022,34.17
gmb,d01,2022,59.82
gmb,d02,2022,55.6
gmb,d03,2022,52.43
gmb,d04,2022,49.98
gmb,d05,2022,47.18
gmb,d06,2022,44.84
gmb,d07,2022,41.98
gmb,d08,2022,39.89
gmb,d09,2022,37.92
gmb,d10,2022,36.04
gnb,d01,2022,77.72
gnb,d02,2022,75
gnb,d03,2022,72.33
gnb,d04,2022,69.85
gnb,d05,2022,66.34
gnb,d06,2022,63
gnb,d07,2022,59.83
gnb,d08,2022,56.82
gnb,d09,2022,53.95
gnb,d10,2022,51.24
gnq,d01,2022,100.95
gnq,d02,2022,90.45
gnq,d03,2022,82.1
gnq,d04,2022,76.45
gnq,d05,2022,71.22
gnq,d06,2022,66.69
gnq,d07,2022,59.58
gnq,d08,2022,55.44
gnq,d09,2022,50.47
gnq,d10,2022,35.48
grc,d01,2022,6.6
grc,d02,2022,4.75
grc,d03,2022,4.04
grc,d04,2022,3.49
grc,d05,2022,3.16
grc,d06,2022,2.91
grc,d07,2022,2.7
grc,d08,2022,2.55
grc,d09,2022,2.34
grc,d10,2022,2.32
grd,d01,2022,27.59
grd,d02,2022,21.72
grd,d03,2022,17.59
grd,d04,2022,15.52
grd,d05,2022,14.08
grd,d06,2022,13.39
grd,d07,2022,12.74
grd,d08,2022,12.12
grd,d09,2022,11.54
grd,d10,2022,9.4
gtm,d01,2022,35.44
gtm,d02,2022,31.04
gtm,d03,2022,27.52
gtm,d04,2022,24.4
gtm,d05,2022,21.45
gtm,d06,2022,19.68
gtm,d07,2022,18.02
gtm,d08,2022,16.56
gtm,d09,2022,13.98
gtm,d10,2022,10.35
guy,d01,2022,51.86
guy,d02,2022,45.45
guy,d03,2022,40.38
guy,d04,2022,36.77
guy,d05,2022,32.22
guy,d06,2022,27.7
guy,d07,2022,21.22
guy,d08,2022,16.25
guy,d09,2022,13.67
guy,d10,2022,12.97
hnd,d01,2022,25.23
hnd,d02,2022,21.78
hnd,d03,2022,18.93
hnd,d04,2022,17.05
hnd,d05,2022,15.7
hnd,d06,2022,13.65
hnd,d07,2022,12.67
hnd,d08,2022,12.06
hnd,d09,2022,11.48
hnd,d10,2022,10.93
hrv,d01,2022,6.64
hrv,d02,2022,4.77
hrv,d03,2022,4.07
hrv,d04,2022,3.51
hrv,d05,2022,3.18
hrv,d06,2022,2.92
hrv,d07,2022,2.72
hrv,d08,2022,2.57
hrv,d09,2022,2.35
hrv,d10,2022,2.33
hti,d01,2022,69.76
hti,d02,2022,64.13
hti,d03,2022,59.94
hti,d04,2022,58.19
hti,d05,2022,55.3
hti,d06,2022,52.56
hti,d07,2022,49.95
hti,d08,2022,47.48
hti,d09,2022,45.13
hti,d10,2022,36.37
hun,d01,2022,8.71
hun,d02,2022,5.81
hun,d03,2022,4.65
hun,d04,2022,3.86
hun,d05,2022,3.47
hun,d06,2022,3.19
hun,d07,2022,2.97
hun,d08,2022,2.79
hun,d09,2022,2.44
hun,d10,2022,2.44
idn,d01,2022,38.74
idn,d02,2022,30.5
idn,d03,2022,24.7
idn,d04,2022,21.79
idn,d05,2022,19.76
idn,d06,2022,18.8
idn,d07,2022,17.89
idn,d08,2022,17.02
idn,d09,2022,16.2
idn,d10,2022,13.2
ind,d01,2022,42.74
ind,d02,2022,38.44
ind,d03,2022,34.8
ind,d04,2022,31.95
ind,d05,2022,29.26
ind,d06,2022,26.52
ind,d07,2022,23.77
ind,d08,2022,21.01
ind,d09,2022,18.16
ind,d10,2022,12.56
irl,d01,2022,5.64
irl,d02,2022,4.05
irl,d03,2022,3.45
irl,d04,2022,2.98
irl,d05,2022,2.7
irl,d06,2022,2.48
irl,d07,2022,2.31
irl,d08,2022,2.18
irl,d09,2022,2
irl,d10,2022,1.98
irn,d01,2022,28.11
irn,d02,2022,20.65
irn,d03,2022,15.44
irn,d04,2022,12.67
irn,d05,2022,11.05
irn,d06,2022,9.37
irn,d07,2022,8.18
irn,d08,2022,7.29
irn,d09,2022,6.51
irn,d10,2022,6.23
irq,d01,2022,28.76
irq,d02,2022,26.62
irq,d03,2022,25.27
irq,d04,2022,24.72
irq,d05,2022,23.48
irq,d06,2022,22.31
irq,d07,2022,21.2
irq,d08,2022,20.14
irq,d09,2022,19.14
irq,d10,2022,17.37
isl,d01,2022,6.11
isl,d02,2022,4.39
isl,d03,2022,3.74
isl,d04,2022,3.23
isl,d05,2022,2.92
isl,d06,2022,2.69
isl,d07,2022,2.5
isl,d08,2022,2.36
isl,d09,2022,2.17
isl,d10,2022,2.14
isr,d01,2022,7.24
isr,d02,2022,4.83
isr,d03,2022,3.86
isr,d04,2022,3.21
isr,d05,2022,2.89
isr,d06,2022,2.66
isr,d07,2022,2.47
isr,d08,2022,2.32
isr,d09,2022,2.03
isr,d10,2022,2.03
ita,d01,2022,4.47
ita,d02,2022,3.21
ita,d03,2022,2.74
ita,d04,2022,2.36
ita,d05,2022,2.14
ita,d06,2022,1.97
ita,d07,2022,1.83
ita,d08,2022,1.73
ita,d09,2022,1.58
ita,d10,2022,1.57
jam,d01,2022,22.12
jam,d02,2022,18.73
jam,d03,2022,16.11
jam,d04,2022,14.51
jam,d05,2022,13.06
jam,d06,2022,11.06
jam,d07,2022,10.04
jam,d08,2022,9.01
jam,d09,2022,8.02
jam,d10,2022,6.33
jor,d01,2022,18.01
jor,d02,2022,16.24
jor,d03,2022,15
jor,d04,2022,14.52
jor,d05,2022,13.8
jor,d06,2022,13.12
jor,d07,2022,12.48
jor,d08,2022,11.87
jor,d09,2022,11.29
jor,d10,2022,10.73
jpn,d01,2022,3.18
jpn,d02,2022,2.54
jpn,d03,2022,2.34
jpn,d04,2022,2.1
jpn,d05,2022,1.92
jpn,d06,2022,1.76
jpn,d07,2022,1.64
jpn,d08,2022,1.56
jpn,d09,2022,1.5
jpn,d10,2022,1.47
kaz,d01,2022,16.92
kaz,d02,2022,14.91
kaz,d03,2022,13.63
kaz,d04,2022,12.96
kaz,d05,2022,12.22
kaz,d06,2022,11.02
kaz,d07,2022,10.16
kaz,d08,2022,9.19
kaz,d09,2022,7.82
kaz,d10,2022,7.35
ken,d01,2022,44.84
ken,d02,2022,42.79
ken,d03,2022,40.74
ken,d04,2022,39.24
ken,d05,2022,37.31
ken,d06,2022,35.47
ken,d07,2022,33.72
ken,d08,2022,32.06
ken,d09,2022,30.49
ken,d10,2022,28.94
kgz,d01,2022,27.34
kgz,d02,2022,21.3
kgz,d03,2022,17.81
kgz,d04,2022,18.08
kgz,d05,2022,16.94
kgz,d06,2022,16.11
kgz,d07,2022,15.32
kgz,d08,2022,14.57
kgz,d09,2022,13.86
kgz,d10,2022,4.2
khm,d01,2022,40.87
khm,d02,2022,35.55
khm,d03,2022,30.84
khm,d04,2022,27.13
khm,d05,2022,23.52
khm,d06,2022,21.17
khm,d07,2022,18.11
khm,d08,2022,14.86
khm,d09,2022,12.99
khm,d10,2022,7.21
kir,d01,2022,63.09
kir,d02,2022,54.32
kir,d03,2022,49.2
kir,d04,2022,48.98
kir,d05,2022,46.55
kir,d06,2022,44.23
kir,d07,2022,42.03
kir,d08,2022,39.94
kir,d09,2022,37.95
kir,d10,2022,27.2
kor,d01,2022,6.13
kor,d02,2022,4.09
kor,d03,2022,3.27
kor,d04,2022,2.72
kor,d05,2022,2.44
kor,d06,2022,2.25
kor,d07,2022,2.09
kor,d08,2022,1.97
kor,d09,2022,1.72
kor,d10,2022,1.72
kwt,d01,2022,14.01
kwt,d02,2022,10.07
kwt,d03,2022,8.58
kwt,d04,2022,7.4
kwt,d05,2022,6.7
kwt,d06,2022,6.17
kwt,d07,2022,5.73
kwt,d08,2022,5.42
kwt,d09,2022,4.96
kwt,d10,2022,4.91
lao,d01,2022,58.82
lao,d02,2022,55.74
lao,d03,2022,51.98
lao,d04,2022,46.89
lao,d05,2022,41.56
lao,d06,2022,34.9
lao,d07,2022,29.54
lao,d08,2022,25.11
lao,d09,2022,19.33
lao,d10,2022,8.25
lbn,d01,2022,13.29
lbn,d02,2022,11.85
lbn,d03,2022,10.68
lbn,d04,2022,9.8
lbn,d05,2022,9.1
lbn,d06,2022,7.9
lbn,d07,2022,7.51
lbn,d08,2022,7.14
lbn,d09,2022,6.75
lbn,d10,2022,6.41
lbr,d01,2022,92.19
lbr,d02,2022,83.7
lbr,d03,2022,79.2
lbr,d04,2022,79.22
lbr,d05,2022,75.26
lbr,d06,2022,71.51
lbr,d07,2022,67.96
lbr,d08,2022,64.58
lbr,d09,2022,61.37
lbr,d10,2022,40
lby,d01,2022,19.46
lby,d02,2022,16.2
lby,d03,2022,14.03
lby,d04,2022,12.36
lby,d05,2022,10.36
lby,d06,2022,9.78
lby,d07,2022,9.29
lby,d08,2022,8.37
lby,d09,2022,6.05
lby,d10,2022,1.14
lca,d01,2022,45.7
lca,d02,2022,35.98
lca,d03,2022,29.14
lca,d04,2022,25.71
lca,d05,2022,23.31
lca,d06,2022,22.18
lca,d07,2022,21.1
lca,d08,2022,20.08
lca,d09,2022,19.11
lca,d10,2022,15.58
lka,d01,2022,10.37
lka,d02,2022,8.66
lka,d03,2022,7.39
lka,d04,2022,6.65
lka,d05,2022,6.06
lka,d06,2022,5.63
lka,d07,2022,5.2
lka,d08,2022,4.79
lka,d09,2022,4.37
lka,d10,2022,3.33
lso,d01,2022,83.83
lso,d02,2022,74.64
lso,d03,2022,69.82
lso,d04,2022,69.85
lso,d05,2022,66.34
lso,d06,2022,63.04
lso,d07,2022,59.9
lso,d08,2022,56.92
lso,d09,2022,54.09
lso,d10,2022,51.4
ltu,d01,2022,5.89
ltu,d02,2022,4.24
ltu,d03,2022,3.61
ltu,d04,2022,3.11
ltu,d05,2022,2.82
ltu,d06,2022,2.59
ltu,d07,2022,2.41
ltu,d08,2022,2.28
ltu,d09,2022,2.09
ltu,d10,2022,2.07
lux,d01,2022,3.45
lux,d02,2022,2.48
lux,d03,2022,2.11
lux,d04,2022,1.82
lux,d05,2022,1.65
lux,d06,2022,1.52
lux,d07,2022,1.41
lux,d08,2022,1.33
lux,d09,2022,1.22
lux,d10,2022,1.21
lva,d01,2022,6.24
lva,d02,2022,4.48
lva,d03,2022,3.82
lva,d04,2022,3.3
lva,d05,2022,2.98
lva,d06,2022,2.75
lva,d07,2022,2.55
lva,d08,2022,2.41
lva,d09,2022,2.21
lva,d10,2022,2.19
mar,d01,2022,29.65
mar,d02,2022,25.34
mar,d03,2022,21.9
mar,d04,2022,19.67
mar,d05,2022,17.8
mar,d06,2022,15.42
mar,d07,2022,14.18
mar,d08,2022,12.4
mar,d09,2022,10.92
mar,d10,2022,6.95
mda,d01,2022,33.81
mda,d02,2022,26.27
mda,d03,2022,21.27
mda,d04,2022,19.37
mda,d05,2022,18.41
mda,d06,2022,17.49
mda,d07,2022,14.28
mda,d08,2022,13.46
mda,d09,2022,9.94
mda,d10,2022,2.79
mdg,d01,2022,87.84
mdg,d02,2022,80.62
mdg,d03,2022,74.3
mdg,d04,2022,69.41
mdg,d05,2022,64.65
mdg,d06,2022,61.41
mdg,d07,2022,54.45
mdg,d08,2022,50.58
mdg,d09,2022,47.67
mdg,d10,2022,41.76
mdv,d01,2022,11.78
mdv,d02,2022,8.63
mdv,d03,2022,6.8
mdv,d04,2022,6.88
mdv,d05,2022,6.52
mdv,d06,2022,6.25
mdv,d07,2022,5.99
mdv,d08,2022,5.75
mdv,d09,2022,5.52
mdv,d10,2022,5.3
mex,d01,2022,22.54
mex,d02,2022,18.17
mex,d03,2022,14.99
mex,d04,2022,13
mex,d05,2022,11.63
mex,d06,2022,10.24
mex,d07,2022,9.19
mex,d08,2022,8.77
mex,d09,2022,8.17
mex,d10,2022,6.57
mkd,d01,2022,12.26
mkd,d02,2022,9.52
mkd,d03,2022,7.71
mkd,d04,2022,7.02
mkd,d05,2022,6.67
mkd,d06,2022,6.34
mkd,d07,2022,5.18
mkd,d08,2022,4.88
mkd,d09,2022,3.6
mkd,d10,2022,1.01
mli,d01,2022,122.52
mli,d02,2022,119.89
mli,d03,2022,116.09
mli,d04,2022,110.82
mli,d05,2022,103.38
mli,d06,2022,92.5
mli,d07,2022,82.51
mli,d08,2022,68.44
mli,d09,2022,56.33
mli,d10,2022,36.85
mlt,d01,2022,14.83
mlt,d02,2022,10.66
mlt,d03,2022,9.08
mlt,d04,2022,7.83
mlt,d05,2022,7.09
mlt,d06,2022,6.53
mlt,d07,2022,6.07
mlt,d08,2022,5.74
mlt,d09,2022,5.26
mlt,d10,2022,5.2
mmr,d01,2022,58.23
mmr,d02,2022,53.78
mmr,d03,2022,49.56
mmr,d04,2022,45.34
mmr,d05,2022,41.48
mmr,d06,2022,33.51
mmr,d07,2022,29.04
mmr,d08,2022,25.08
mmr,d09,2022,18.83
mmr,d10,2022,12.37
mne,d01,2022,6.68
mne,d02,2022,5.19
mne,d03,2022,4.2
mne,d04,2022,3.83
mne,d05,2022,3.64
mne,d06,2022,3.45
mne,d07,2022,2.82
mne,d08,2022,2.66
mne,d09,2022,1.96
mne,d10,2022,0.55
mng,d01,2022,25.88
mng,d02,2022,21.05
mng,d03,2022,17.46
mng,d04,2022,14.8
mng,d05,2022,12.5
mng,d06,2022,11.54
mng,d07,2022,10.98
mng,d08,2022,10.45
mng,d09,2022,9.94
mng,d10,2022,9.46
moz,d01,2022,85.14
moz,d02,2022,75.29
moz,d03,2022,68.82
moz,d04,2022,67.9
moz,d05,2022,64.46
moz,d06,2022,61.19
moz,d07,2022,58.08
moz,d08,2022,55.13
moz,d09,2022,52.32
moz,d10,2022,49.65
mrt,d01,2022,54.69
mrt,d02,2022,50.95
mrt,d03,2022,48
mrt,d04,2022,45.65
mrt,d05,2022,43.37
mrt,d06,2022,37.18
mrt,d07,2022,34.06
mrt,d08,2022,30.89
mrt,d09,2022,25.06
mrt,d10,2022,20.81
mus,d01,2022,28.12
mus,d02,2022,23.4
mus,d03,2022,20.28
mus,d04,2022,17.86
mus,d05,2022,14.97
mus,d06,2022,14.13
mus,d07,2022,13.42
mus,d08,2022,12.1
mus,d09,2022,8.74
mus,d10,2022,1.65
mwi,d01,2022,48.21
mwi,d02,2022,45.79
mwi,d03,2022,44.21
mwi,d04,2022,43.06
mwi,d05,2022,40.93
mwi,d06,2022,38.91
mwi,d07,2022,36.99
mwi,d08,2022,35.16
mwi,d09,2022,32.27
mwi,d10,2022,21.69
mys,d01,2022,14.07
mys,d02,2022,10.33
mys,d03,2022,7.73
mys,d04,2022,6.34
mys,d05,2022,5.53
mys,d06,2022,4.69
mys,d07,2022,4.1
mys,d08,2022,3.65
mys,d09,2022,3.26
mys,d10,2022,3.12
nam,d01,2022,46.75
nam,d02,2022,45.09
nam,d03,2022,43.79
nam,d04,2022,43.24
nam,d05,2022,41.1
nam,d06,2022,39.07
nam,d07,2022,36.54
nam,d08,2022,32.26
nam,d09,2022,27.64
nam,d10,2022,17.92
ner,d01,2022,141.18
ner,d02,2022,137.58
ner,d03,2022,133.07
ner,d04,2022,127.36
ner,d05,2022,121
ner,d06,2022,113.82
ner,d07,2022,106.54
ner,d08,2022,95.94
ner,d09,2022,81.71
ner,d10,2022,42.03
nga,d01,2022,149.81
nga,d02,2022,144.81
nga,d03,2022,137.51
nga,d04,2022,126.84
nga,d05,2022,114.4
nga,d06,2022,99.26
nga,d07,2022,83.95
nga,d08,2022,70.37
nga,d09,2022,56.77
nga,d10,2022,37.66
nic,d01,2022,19.35
nic,d02,2022,17.61
nic,d03,2022,16.04
nic,d04,2022,14.64
nic,d05,2022,13.52
nic,d06,2022,12.09
nic,d07,2022,10.52
nic,d08,2022,9.69
nic,d09,2022,8.09
nic,d10,2022,5.41
nld,d01,2022,6.35
nld,d02,2022,4.56
nld,d03,2022,3.89
nld,d04,2022,3.35
nld,d05,2022,3.04
nld,d06,2022,2.79
nld,d07,2022,2.6
nld,d08,2022,2.46
nld,d09,2022,2.25
nld,d10,2022,2.23
nor,d01,2022,4.36
nor,d02,2022,2.9
nor,d03,2022,2.32
nor,d04,2022,1.93
nor,d05,2022,1.74
nor,d06,2022,1.6
nor,d07,2022,1.48
nor,d08,2022,1.4
nor,d09,2022,1.22
nor,d10,2022,1.22
npl,d01,2022,39.09
npl,d02,2022,35.13
npl,d03,2022,32.46
npl,d04,2022,30.97
npl,d05,2022,28.51
npl,d06,2022,27.1
npl,d07,2022,24.42
npl,d08,2022,19.35
npl,d09,2022,15.43
npl,d10,2022,6.58
nzl,d01,2022,7.75
nzl,d02,2022,5.57
nzl,d03,2022,4.75
nzl,d04,2022,4.1
nzl,d05,2022,3.71
nzl,d06,2022,3.41
nzl,d07,2022,3.17
nzl,d08,2022,3
nzl,d09,2022,2.75
nzl,d10,2022,2.72
omn,d01,2022,16.8
omn,d02,2022,13.27
omn,d03,2022,11.14
omn,d04,2022,10.53
omn,d05,2022,10.05
omn,d06,2022,9.1
omn,d07,2022,8.24
omn,d08,2022,7.87
omn,d09,2022,6.02
omn,d10,2022,4.71
pak,d01,2022,82.22
pak,d02,2022,76.31
pak,d03,2022,71.45
pak,d04,2022,66.66
pak,d05,2022,60.72
pak,d06,2022,56.01
pak,d07,2022,53.23
pak,d08,2022,49.13
pak,d09,2022,44.07
pak,d10,2022,31.61
pan,d01,2022,21.24
pan,d02,2022,17.75
pan,d03,2022,15.41
pan,d04,2022,13.76
pan,d05,2022,12.38
pan,d06,2022,11.31
pan,d07,2022,10.57
pan,d08,2022,9.9
pan,d09,2022,8.92
pan,d10,2022,7.66
per,d01,2022,24.48
per,d02,2022,19.04
per,d03,2022,14.9
per,d04,2022,12.97
per,d05,2022,12.25
per,d06,2022,11.64
per,d07,2022,11
per,d08,2022,10.46
per,d09,2022,9.94
per,d10,2022,7.09
phl,d01,2022,41.44
phl,d02,2022,34.73
phl,d03,2022,30.49
phl,d04,2022,27.5
phl,d05,2022,24.12
phl,d06,2022,19.71
phl,d07,2022,18.73
phl,d08,2022,15.41
phl,d09,2022,9.66
phl,d10,2022,6.91
png,d01,2022,58.91
png,d02,2022,53.67
png,d03,2022,48.86
png,d04,2022,44.67
png,d05,2022,40.45
png,d06,2022,38.44
png,d07,2022,34.93
png,d08,2022,32.33
png,d09,2022,30.72
png,d10,2022,24.94
pol,d01,2022,7.72
pol,d02,2022,5.55
pol,d03,2022,4.72
pol,d04,2022,4.08
pol,d05,2022,3.69
pol,d06,2022,3.4
pol,d07,2022,3.16
pol,d08,2022,2.98
pol,d09,2022,2.73
pol,d10,2022,2.71
prk,d01,2022,27.76
prk,d02,2022,24.14
prk,d03,2022,20.94
prk,d04,2022,18.42
prk,d05,2022,15.97
prk,d06,2022,14.38
prk,d07,2022,12.3
prk,d08,2022,10.09
prk,d09,2022,8.83
prk,d10,2022,4.89
prt,d01,2022,4.96
prt,d02,2022,3.57
prt,d03,2022,3.04
prt,d04,2022,2.62
prt,d05,2022,2.37
prt,d06,2022,2.18
prt,d07,2022,2.03
prt,d08,2022,1.92
prt,d09,2022,1.76
prt,d10,2022,1.74
pry,d01,2022,38.12
pry,d02,2022,30.13
pry,d03,2022,24.05
pry,d04,2022,21.25
pry,d05,2022,18.86
pry,d06,2022,17.03
pry,d07,2022,11.74
pry,d08,2022,8.38
pry,d09,2022,7
pry,d10,2022,2.4
pse,d01,2022,22.54
pse,d02,2022,20.09
pse,d03,2022,18.11
pse,d04,2022,16.62
pse,d05,2022,15.43
pse,d06,2022,13.4
pse,d07,2022,12.73
pse,d08,2022,12.1
pse,d09,2022,11.44
pse,d10,2022,10.87
qat,d01,2022,12.69
qat,d02,2022,8.46
qat,d03,2022,6.77
qat,d04,2022,5.62
qat,d05,2022,5.06
qat,d06,2022,4.65
qat,d07,2022,4.33
qat,d08,2022,4.07
qat,d09,2022,3.55
qat,d10,2022,3.55
rou,d01,2022,13.39
rou,d02,2022,10.78
rou,d03,2022,8.82
rou,d04,2022,7.71
rou,d05,2022,6.88
rou,d06,2022,6.5
rou,d07,2022,5.34
rou,d08,2022,4.98
rou,d09,2022,4.1
rou,d10,2022,2.41
rus,d01,2022,12.48
rus,d02,2022,9.17
rus,d03,2022,6.85
rus,d04,2022,5.62
rus,d05,2022,4.9
rus,d06,2022,4.16
rus,d07,2022,3.63
rus,d08,2022,3.23
rus,d09,2022,2.89
rus,d10,2022,2.76
rwa,d01,2022,56.51
rwa,d02,2022,51.13
rwa,d03,2022,46.16
rwa,d04,2022,41.78
rwa,d05,2022,38.04
rwa,d06,2022,35.15
rwa,d07,2022,31.62
rwa,d08,2022,29.3
rwa,d09,2022,26.39
rwa,d10,2022,17.89
sau,d01,2022,12.69
sau,d02,2022,9.52
sau,d03,2022,8.09
sau,d04,2022,6.47
sau,d05,2022,5.82
sau,d06,2022,5.24
sau,d07,2022,4.66
sau,d08,2022,4.09
sau,d09,2022,3.51
sau,d10,2022,2.93
sdn,d01,2022,64.76
sdn,d02,2022,63.18
sdn,d03,2022,61.52
sdn,d04,2022,59.55
sdn,d05,2022,56.59
sdn,d06,2022,53.78
sdn,d07,2022,49.35
sdn,d08,2022,44.52
sdn,d09,2022,39.13
sdn,d10,2022,30.08
sen,d01,2022,56.28
sen,d02,2022,50.29
sen,d03,2022,44.72
sen,d04,2022,40.43
sen,d05,2022,36.71
sen,d06,2022,32.5
sen,d07,2022,28.72
sen,d08,2022,25.84
sen,d09,2022,24.56
sen,d10,2022,23.21
sgp,d01,2022,4.07
sgp,d02,2022,2.92
sgp,d03,2022,2.49
sgp,d04,2022,2.15
sgp,d05,2022,1.95
sgp,d06,2022,1.79
sgp,d07,2022,1.66
sgp,d08,2022,1.57
sgp,d09,2022,1.44
sgp,d10,2022,1.43
slb,d01,2022,28.17
slb,d02,2022,25.12
slb,d03,2022,22.64
slb,d04,2022,20.78
slb,d05,2022,19.29
slb,d06,2022,16.75
slb,d07,2022,15.92
slb,d08,2022,15.12
slb,d09,2022,14.3
slb,d10,2022,13.59
sle,d01,2022,119.33
sle,d02,2022,112.4
sle,d03,2022,107.5
sle,d04,2022,104.7
sle,d05,2022,99.48
sle,d06,2022,94.52
sle,d07,2022,89.8
sle,d08,2022,85.33
sle,d09,2022,81.08
sle,d10,2022,65.05
slv,d01,2022,22.97
slv,d02,2022,18.33
slv,d03,2022,14.95
slv,d04,2022,13.27
slv,d05,2022,11.64
slv,d06,2022,9.27
slv,d07,2022,8.84
slv,d08,2022,7.7
slv,d09,2022,7.35
slv,d10,2022,6.69
som,d01,2022,124.35
som,d02,2022,119.66
som,d03,2022,115.73
som,d04,2022,113.26
som,d05,2022,107.61
som,d06,2022,102.25
som,d07,2022,97.15
som,d08,2022,92.31
som,d09,2022,87.71
som,d10,2022,83.35
srb,d01,2022,12.51
srb,d02,2022,9.05
srb,d03,2022,7.29
srb,d04,2022,6.37
srb,d05,2022,5.92
srb,d06,2022,5.55
srb,d07,2022,4.79
srb,d08,2022,4.51
srb,d09,2022,3.59
srb,d10,2022,2.24
ssd,d01,2022,117.77
ssd,d02,2022,108.74
ssd,d03,2022,102.18
ssd,d04,2022,99.04
ssd,d05,2022,94.09
ssd,d06,2022,89.38
ssd,d07,2022,84.91
ssd,d08,2022,80.66
ssd,d09,2022,76.63
ssd,d10,2022,72.79
stp,d01,2022,29.11
stp,d02,2022,22.27
stp,d03,2022,17.15
stp,d04,2022,14.51
stp,d05,2022,12.12
stp,d06,2022,10.7
stp,d07,2022,10.17
stp,d08,2022,9.68
stp,d09,2022,9.2
stp,d10,2022,8.76
sur,d01,2022,26.51
sur,d02,2022,22.13
sur,d03,2022,20.09
sur,d04,2022,19.68
sur,d05,2022,18.71
sur,d06,2022,17.79
sur,d07,2022,16.91
sur,d08,2022,16.08
sur,d09,2022,11.84
sur,d10,2022,2.39
svk,d01,2022,12.31
svk,d02,2022,8.21
svk,d03,2022,6.57
svk,d04,2022,5.45
svk,d05,2022,4.9
svk,d06,2022,4.51
svk,d07,2022,4.2
svk,d08,2022,3.94
svk,d09,2022,3.44
svk,d10,2022,3.44
svn,d01,2022,3.14
svn,d02,2022,2.26
svn,d03,2022,1.92
svn,d04,2022,1.66
svn,d05,2022,1.5
svn,d06,2022,1.38
svn,d07,2022,1.28
svn,d08,2022,1.21
svn,d09,2022,1.11
svn,d10,2022,1.1
swe,d01,2022,5.16
swe,d02,2022,3.44
swe,d03,2022,2.75
swe,d04,2022,2.28
swe,d05,2022,2.05
swe,d06,2022,1.89
swe,d07,2022,1.76
swe,d08,2022,1.65
swe,d09,2022,1.44
swe,d10,2022,1.44
swz,d01,2022,69.29
swz,d02,2022,61.72
swz,d03,2022,55.2
swz,d04,2022,52.03
swz,d05,2022,49.46
swz,d06,2022,47.01
swz,d07,2022,44.69
swz,d08,2022,42.48
swz,d09,2022,40.39
swz,d10,2022,25.87
syc,d01,2022,25.02
syc,d02,2022,19.7
syc,d03,2022,15.95
syc,d04,2022,14.07
syc,d05,2022,12.76
syc,d06,2022,12.14
syc,d07,2022,11.55
syc,d08,2022,10.99
syc,d09,2022,10.46
syc,d10,2022,8.53
syr,d01,2022,27.77
syr,d02,2022,25.19
syr,d03,2022,23.24
syr,d04,2022,21.62
syr,d05,2022,19.91
syr,d06,2022,18.39
syr,d07,2022,17.06
syr,d08,2022,15.78
syr,d09,2022,14.55
syr,d10,2022,10.36
tcd,d01,2022,125.27
tcd,d02,2022,114.81
tcd,d03,2022,110.02
tcd,d04,2022,110.83
tcd,d05,2022,104.52
tcd,d06,2022,99.31
tcd,d07,2022,94.35
tcd,d08,2022,89.64
tcd,d09,2022,85.16
tcd,d10,2022,65.48
tgo,d01,2022,87.67
tgo,d02,2022,80.03
tgo,d03,2022,73.53
tgo,d04,2022,67.59
tgo,d05,2022,62.03
tgo,d06,2022,58.57
tgo,d07,2022,53.01
tgo,d08,2022,49.21
tgo,d09,2022,42.96
tgo,d10,2022,31.67
tha,d01,2022,17.19
tha,d02,2022,13.02
tha,d03,2022,10.11
tha,d04,2022,8.59
tha,d05,2022,7.64
tha,d06,2022,6.88
tha,d07,2022,6.3
tha,d08,2022,5.82
tha,d09,2022,5.4
tha,d10,2022,4.71
tjk,d01,2022,52.38
tjk,d02,2022,44.22
tjk,d03,2022,38.01
tjk,d04,2022,34.77
tjk,d05,2022,31.56
tjk,d06,2022,28.4
tjk,d07,2022,26.18
tjk,d08,2022,21.28
tjk,d09,2022,19.28
tjk,d10,2022,10.11
tkm,d01,2022,58.52
tkm,d02,2022,52.91
tkm,d03,2022,48.08
tkm,d04,2022,45.27
tkm,d05,2022,42.64
tkm,d06,2022,40.5
tkm,d07,2022,37
tkm,d08,2022,32.99
tkm,d09,2022,31.27
tkm,d10,2022,20.06
tls,d01,2022,71.85
tls,d02,2022,65.48
tls,d03,2022,60.1
tls,d04,2022,54.88
tls,d05,2022,49.23
tls,d06,2022,46.75
tls,d07,2022,43.62
tls,d08,2022,39.15
tls,d09,2022,34.41
tls,d10,2022,23.67
tto,d01,2022,30.18
tto,d02,2022,23.76
tto,d03,2022,19.24
tto,d04,2022,16.98
tto,d05,2022,15.4
tto,d06,2022,14.65
tto,d07,2022,13.94
tto,d08,2022,13.26
tto,d09,2022,12.62
tto,d10,2022,10.29
tun,d01,2022,29.08
tun,d02,2022,24.2
tun,d03,2022,20.97
tun,d04,2022,18.47
tun,d05,2022,15.48
tun,d06,2022,14.61
tun,d07,2022,13.88
tun,d08,2022,12.51
tun,d09,2022,9.04
tun,d10,2022,1.71
tur,d01,2022,16.29
tur,d02,2022,12.87
tur,d03,2022,10.8
tur,d04,2022,10.21
tur,d05,2022,9.75
tur,d06,2022,8.83
tur,d07,2022,7.99
tur,d08,2022,7.64
tur,d09,2022,5.84
tur,d10,2022,4.57
tza,d01,2022,59.21
tza,d02,2022,53.71
tza,d03,2022,49.73
tza,d04,2022,47.68
tza,d05,2022,45.32
tza,d06,2022,43.09
tza,d07,2022,40.97
tza,d08,2022,38.95
tza,d09,2022,37.03
tza,d10,2022,35.21
uga,d01,2022,51.32
uga,d02,2022,48.38
uga,d03,2022,45.76
uga,d04,2022,44.11
uga,d05,2022,41.94
uga,d06,2022,39.88
uga,d07,2022,37.92
uga,d08,2022,35.68
uga,d09,2022,33.93
uga,d10,2022,28.67
ukr,d01,2022,32.38
ukr,d02,2022,23.21
ukr,d03,2022,16.21
ukr,d04,2022,12.23
ukr,d05,2022,9.36
ukr,d06,2022,8.83
ukr,d07,2022,5.78
ukr,d08,2022,4.9
ukr,d09,2022,4.42
ukr,d10,2022,1.55
ury,d01,2022,12.02
ury,d02,2022,9.62
ury,d03,2022,8.18
ury,d04,2022,7.36
ury,d05,2022,6.77
ury,d06,2022,6.16
ury,d07,2022,5.87
ury,d08,2022,5.59
ury,d09,2022,5.32
ury,d10,2022,5.07
usa,d01,2022,11.35
usa,d02,2022,8.51
usa,d03,2022,6.81
usa,d04,2022,5.65
usa,d05,2022,4.57
usa,d06,2022,3.97
usa,d07,2022,3.46
usa,d08,2022,3.14
usa,d09,2022,2.8
usa,d10,2022,2.75
uzb,d01,2022,18.19
uzb,d02,2022,16.14
uzb,d03,2022,14.79
uzb,d04,2022,13.97
uzb,d05,2022,12.97
uzb,d06,2022,12.38
uzb,d07,2022,11.82
uzb,d08,2022,11.28
uzb,d09,2022,10.78
uzb,d10,2022,10.29
vct,d01,2022,26.35
vct,d02,2022,20.75
vct,d03,2022,16.8
vct,d04,2022,14.82
vct,d05,2022,13.44
vct,d06,2022,12.79
vct,d07,2022,12.17
vct,d08,2022,11.58
vct,d09,2022,11.02
vct,d10,2022,8.98
ven,d01,2022,41.56
ven,d02,2022,34.96
ven,d03,2022,28.91
ven,d04,2022,24.09
ven,d05,2022,19.76
ven,d06,2022,18.51
ven,d07,2022,15.33
ven,d08,2022,14.03
ven,d09,2022,13.35
ven,d10,2022,12.69
vnm,d01,2022,59.14
vnm,d02,2022,37.33
vnm,d03,2022,22.79
vnm,d04,2022,18.16
vnm,d05,2022,15.89
vnm,d06,2022,15.09
vnm,d07,2022,13.99
vnm,d08,2022,12.55
vnm,d09,2022,11.92
vnm,d10,2022,10.06
vut,d01,2022,39.47
vut,d02,2022,31.07
vut,d03,2022,25.16
vut,d04,2022,22.2
vut,d05,2022,20.13
vut,d06,2022,19.15
vut,d07,2022,18.22
vut,d08,2022,17.34
vut,d09,2022,16.5
vut,d10,2022,13.45
wsm,d01,2022,32.35
wsm,d02,2022,23.78
wsm,d03,2022,17.33
wsm,d04,2022,13.96
wsm,d05,2022,12.09
wsm,d06,2022,11.5
wsm,d07,2022,10.95
wsm,d08,2022,10.42
wsm,d09,2022,9.91
wsm,d10,2022,4.82
yem,d01,2022,85
yem,d02,2022,80.87
yem,d03,2022,76.3
yem,d04,2022,71.82
yem,d05,2022,67.12
yem,d06,2022,60.55
yem,d07,2022,55
yem,d08,2022,49.63
yem,d09,2022,46.12
yem,d10,2022,39.12
zaf,d01,2022,46.62
zaf,d02,2022,40.19
zaf,d03,2022,36.14
zaf,d04,2022,33.16
zaf,d05,2022,29.96
zaf,d06,2022,28.49
zaf,d07,2022,27.1
zaf,d08,2022,25.77
zaf,d09,2022,23.54
zaf,d10,2022,13.26
zmb,d01,2022,79.05
zmb,d02,2022,67.5
zmb,d03,2022,58.66
zmb,d04,2022,56.23
zmb,d05,2022,53.43
zmb,d06,2022,50.77
zmb,d07,2022,48.24
zmb,d08,2022,45.84
zmb,d09,2022,43.56
zmb,d10,2022,41.39
zwe,d01,2022,62.73
zwe,d02,2022,56.74
zwe,d03,2022,52.63
zwe,d04,2022,49.74
zwe,d05,2022,47.28
zwe,d06,2022,44.94
zwe,d07,2022,42.72
zwe,d08,2022,40.61
zwe,d09,2022,38.61
zwe,d10,2022,36.7