geo,time,decile,u5deaths
afg,2022,d01,11093.88
afg,2022,d02,9409.94
afg,2022,d03,8516.17
afg,2022,d04,8035.03
afg,2022,d05,7457.19
afg,2022,d06,7003.12
afg,2022,d07,6508.48
afg,2022,d08,5370.72
afg,2022,d09,4638.29
afg,2022,d10,3561.32
ago,2022,d01,15320.13
ago,2022,d02,14354.11
ago,2022,d03,13068.43
ago,2022,d04,11678.62
ago,2022,d05,10109.14
ago,2022,d06,8713.19
ago,2022,d07,6777.73
ago,2022,d08,5639.35
ago,2022,d09,4268.39
ago,2022,d10,2186.34
alb,2022,d01,78.08
alb,2022,d02,53.16
alb,2022,d03,35.2
alb,2022,d04,24.95
alb,2022,d05,17.93
alb,2022,d06,15.81
alb,2022,d07,10.02
alb,2022,d08,7.8
alb,2022,d09,6.54
alb,2022,d10,1.72
are,2022,d01,149.35
are,2022,d02,97.67
are,2022,d03,75.08
are,2022,d04,59.77
are,2022,d05,51.47
are,2022,d06,43.4
are,2022,d07,34.93
are,2022,d08,27.62
are,2022,d09,19.48
are,2022,d10,17.12
arg,2022,d01,1062.17
arg,2022,d02,798.09
arg,2022,d03,586.95
arg,2022,d04,441.59
arg,2022,d05,322.51
arg,2022,d06,244.71
arg,2022,d07,215.32
arg,2022,d08,188
arg,2022,d09,162.62
arg,2022,d10,147
arm,2022,d01,73.98
arm,2022,d02,49.37
arm,2022,d03,37.16
arm,2022,d04,32.68
arm,2022,d05,29.67
arm,2022,d06,26.56
arm,2022,d07,21.72
arm,2022,d08,20.3
arm,2022,d09,14.58
arm,2022,d10,4.5
atg,2022,d01,1.62
atg,2022,d02,1.07
atg,2022,d03,0.81
atg,2022,d04,0.66
atg,2022,d05,0.59
atg,2022,d06,0.54
atg,2022,d07,0.5
atg,2022,d08,0.46
atg,2022,d09,0.43
atg,2022,d10,0.33
aus,2022,d01,281.68
aus,2022,d02,198.77
aus,2022,d03,158.13
aus,2022,d04,125.15
aus,2022,d05,102.11
aus,2022,d06,80.86
aus,2022,d07,60.37
aus,2022,d08,41.5
aus,2022,d09,33.04
aus,2022,d10,30.48
aut,2022,d01,65.91
aut,2022,d02,46.51
aut,2022,d03,37
aut,2022,d04,29.28
aut,2022,d05,23.89
aut,2022,d06,18.92
aut,2022,d07,14.13
aut,2022,d08,9.71
aut,2022,d09,7.73
aut,2022,d10,7.13
aze,2022,d01,443.41
aze,2022,d02,348.16
aze,2022,d03,292.61
aze,2022,d04,274.38
aze,2022,d05,245.89
aze,2022,d06,214.77
aze,2022,d07,187.79
aze,2022,d08,168.71
aze,2022,d09,127.99
aze,2022,d10,75.78
bdi,2022,d01,3559.75
bdi,2022,d02,3133.16
bdi,2022,d03,2751.06
bdi,2022,d04,2464.48
bdi,2022,d05,2191.83
bdi,2022,d06,2059.34
bdi,2022,d07,1858.11
bdi,2022,d08,1638.07
bdi,2022,d09,1474.47
bdi,2022,d10,1001.89
bel,2022,d01,106.65
bel,2022,d02,69.74
bel,2022,d03,53.62
bel,2022,d04,42.68
bel,2022,d05,36.76
bel,2022,d06,30.99
bel,2022,d07,24.94
bel,2022,d08,19.72
bel,2022,d09,13.91
bel,2022,d10,12.22
ben,2022,d01,5426.25
ben,2022,d02,5144.88
ben,2022,d03,4894.35
ben,2022,d04,4675.91
ben,2022,d05,4278.59
ben,2022,d06,3968.61
ben,2022,d07,3588.12
ben,2022,d08,3092.82
ben,2022,d09,2505.17
ben,2022,d10,1240.12
bfa,2022,d01,8806.32
bfa,2022,d02,8366.88
bfa,2022,d03,7888.36
bfa,2022,d04,7410.38
bfa,2022,d05,6927.17
bfa,2022,d06,6338.68
bfa,2022,d07,5625.84
bfa,2022,d08,4872.26
bfa,2022,d09,3759.59
bfa,2022,d10,1456.53
bgd,2022,d01,11927.54
bgd,2022,d02,10394.59
bgd,2022,d03,9176.47
bgd,2022,d04,8309.71
bgd,2022,d05,7414.35
bgd,2022,d06,6624.71
bgd,2022,d07,6073.2
bgd,2022,d08,5541.67
bgd,2022,d09,4899.91
bgd,2022,d10,3957.57
bgr,2022,d01,133.08
bgr,2022,d02,79.33
bgr,2022,d03,49.59
bgr,2022,d04,33.75
bgr,2022,d05,25.62
bgr,2022,d06,18.2
bgr,2022,d07,12.72
bgr,2022,d08,9.91
bgr,2022,d09,7.74
bgr,2022,d10,7.05
bhr,2022,d01,30.73
bhr,2022,d02,20.09
bhr,2022,d03,15.45
bhr,2022,d04,12.3
bhr,2022,d05,10.59
bhr,2022,d06,8.93
bhr,2022,d07,7.19
bhr,2022,d08,5.68
bhr,2022,d09,4.01
bhr,2022,d10,3.52
bhs,2022,d01,19.06
bhs,2022,d02,12.74
bhs,2022,d03,8.75
bhs,2022,d04,6.11
bhs,2022,d05,4.28
bhs,2022,d06,3.13
bhs,2022,d07,2.47
bhs,2022,d08,1.91
bhs,2022,d09,1.4
bhs,2022,d10,1.16
bih,2022,d01,38.74
bih,2022,d02,27.34
bih,2022,d03,21.75
bih,2022,d04,17.21
bih,2022,d05,14.04
bih,2022,d06,11.12
bih,2022,d07,8.3
bih,2022,d08,5.71
bih,2022,d09,4.54
bih,2022,d10,4.19
blr,2022,d01,67.87
blr,2022,d02,42.4
blr,2022,d03,28.83
blr,2022,d04,22.36
blr,2022,d05,18.77
blr,2022,d06,15.36
blr,2022,d07,11.9
blr,2022,d08,10.52
blr,2022,d09,7.75
blr,2022,d10,3.81
blz,2022,d01,18.79
blz,2022,d02,13.62
blz,2022,d03,10.62
blz,2022,d04,8.9
blz,2022,d05,7.53
blz,2022,d06,6.08
blz,2022,d07,5.3
blz,2022,d08,4.64
blz,2022,d09,3.78
blz,2022,d10,2.62
bol,2022,d01,1544.39
bol,2022,d02,1148.52
bol,2022,d03,850.91
bol,2022,d04,654.95
bol,2022,d05,487.31
bol,2022,d06,418.09
bol,2022,d07,309.02
bol,2022,d08,263.77
bol,2022,d09,218.64
bol,2022,d10,166.3
bra,2022,d01,12562.64
bra,2022,d02,7687.21
bra,2022,d03,5022.72
bra,2022,d04,3495.63
bra,2022,d05,2398.11
bra,2022,d06,1850.39
bra,2022,d07,1487.77
bra,2022,d08,1338.35
bra,2022,d09,1136.73
bra,2022,d10,887.2
brb,2022,d01,10.94
brb,2022,d02,7.31
brb,2022,d03,5.02
brb,2022,d04,3.5
brb,2022,d05,2.46
brb,2022,d06,1.8
brb,2022,d07,1.42
brb,2022,d08,1.09
brb,2022,d09,0.8
brb,2022,d10,0.67
brn,2022,d01,16.46
brn,2022,d02,10.86
brn,2022,d03,8.17
brn,2022,d04,6.71
brn,2022,d05,5.93
brn,2022,d06,5.47
brn,2022,d07,5.02
brn,2022,d08,4.64
brn,2022,d09,4.32
brn,2022,d10,3.37
btn,2022,d01,52.24
btn,2022,d02,38.01
btn,2022,d03,32.17
btn,2022,d04,27.8
btn,2022,d05,24.24
btn,2022,d06,21.59
btn,2022,d07,17.91
btn,2022,d08,12.6
btn,2022,d09,8.81
btn,2022,d10,2.71
bwa,2022,d01,390.31
bwa,2022,d02,311.59
bwa,2022,d03,267.31
bwa,2022,d04,236.41
bwa,2022,d05,204.15
bwa,2022,d06,189.24
bwa,2022,d07,164.84
bwa,2022,d08,149.62
bwa,2022,d09,125.1
bwa,2022,d10,58.05
caf,2022,d01,3120.36
caf,2022,d02,2818.14
caf,2022,d03,2637.38
caf,2022,d04,2543.03
caf,2022,d05,2393.2
caf,2022,d06,2225.06
caf,2022,d07,2026.25
caf,2022,d08,1809.62
caf,2022,d09,1444.21
caf,2022,d10,651.99
can,2022,d01,446.97
can,2022,d02,315.4
can,2022,d03,250.91
can,2022,d04,198.58
can,2022,d05,162.03
can,2022,d06,128.3
can,2022,d07,95.79
can,2022,d08,65.85
can,2022,d09,52.43
can,2022,d10,48.37
che,2022,d01,80.92
che,2022,d02,57.1
che,2022,d03,45.43
che,2022,d04,35.95
che,2022,d05,29.33
che,2022,d06,23.23
che,2022,d07,17.34
che,2022,d08,11.92
che,2022,d09,9.49
che,2022,d10,8.76
chl,2022,d01,397.58
chl,2022,d02,298.74
chl,2022,d03,219.7
chl,2022,d04,165.29
chl,2022,d05,120.72
chl,2022,d06,91.6
chl,2022,d07,80.6
chl,2022,d08,70.37
chl,2022,d09,60.87
chl,2022,d10,55.02
chn,2022,d01,30885.81
chn,2022,d02,18410.39
chn,2022,d03,11508.46
chn,2022,d04,7833.17
chn,2022,d05,5945.69
chn,2022,d06,4224.1
chn,2022,d07,2952.88
chn,2022,d08,2299.34
chn,2022,d09,1797.2
chn,2022,d10,1636.36
civ,2022,d01,11199.89
civ,2022,d02,10253.45
civ,2022,d03,9383.2
civ,2022,d04,8482.73
civ,2022,d05,7543.36
civ,2022,d06,6555.98
civ,2022,d07,5639.69
civ,2022,d08,4661.09
civ,2022,d09,3721.03
civ,2022,d10,1460.52
cmr,2022,d01,10137.53
cmr,2022,d02,9412.01
cmr,2022,d03,8611.67
cmr,2022,d04,7711.83
cmr,2022,d05,6875.41
cmr,2022,d06,5830.79
cmr,2022,d07,4874.85
cmr,2022,d08,3970.67
cmr,2022,d09,3120.62
cmr,2022,d10,1387.88
cod,2022,d01,46626.22
cod,2022,d02,41197.9
cod,2022,d03,36535.28
cod,2022,d04,34742.12
cod,2022,d05,32332.76
cod,2022,d06,29833.72
cod,2022,d07,27053.45
cod,2022,d08,24049.8
cod,2022,d09,19743.02
cod,2022,d10,9526.51
cog,2022,d01,1938.05
cog,2022,d02,1547.51
cog,2022,d03,1248.02
cog,2022,d04,1019.94
cog,2022,d05,815.3
cog,2022,d06,609
cog,2022,d07,547.37
cog,2022,d08,467.84
cog,2022,d09,373.03
cog,2022,d10,264.44
col,2022,d01,2683.05
col,2022,d02,1702.71
col,2022,d03,1219.03
col,2022,d04,949.27
col,2022,d05,811.2
col,2022,d06,632.01
col,2022,d07,477.2
col,2022,d08,402.66
col,2022,d09,303.7
col,2022,d10,102.11
com,2022,d01,229.81
com,2022,d02,175.58
com,2022,d03,143.69
com,2022,d04,131.84
com,2022,d05,115.55
com,2022,d06,102.73
com,2022,d07,94.88
com,2022,d08,87.81
com,2022,d09,76.42
com,2022,d10,35.37
cpv,2022,d01,30.13
cpv,2022,d02,23.43
cpv,2022,d03,18.38
cpv,2022,d04,15.53
cpv,2022,d05,12.81
cpv,2022,d06,9.76
cpv,2022,d07,8.15
cpv,2022,d08,6.83
cpv,2022,d09,5.46
cpv,2022,d10,3.53
cri,2022,d01,127.03
cri,2022,d02,89.2
cri,2022,d03,67
cri,2022,d04,51.81
cri,2022,d05,41.2
cri,2022,d06,33.13
cri,2022,d07,27.75
cri,2022,d08,22.99
cri,2022,d09,17.99
cri,2022,d10,16.06
cub,2022,d01,105.28
cub,2022,d02,80.97
cub,2022,d03,68.55
cub,2022,d04,58.05
cub,2022,d05,49.46
cub,2022,d06,42.74
cub,2022,d07,36.74
cub,2022,d08,30.39
cub,2022,d09,24.89
cub,2022,d10,18.77
cyp,2022,d01,8.14
cyp,2022,d02,6.18
cyp,2022,d03,5.07
cyp,2022,d04,3.99
cyp,2022,d05,3.1
cyp,2022,d06,2.31
cyp,2022,d07,1.58
cyp,2022,d08,0.88
cyp,2022,d09,0.84
cyp,2022,d10,0.83
cze,2022,d01,73.74
cze,2022,d02,48.23
cze,2022,d03,37.07
cze,2022,d04,29.51
cze,2022,d05,25.41
cze,2022,d06,21.43
cze,2022,d07,17.25
cze,2022,d08,13.64
cze,2022,d09,9.62
cze,2022,d10,8.45
deu,2022,d01,668.18
deu,2022,d02,471.5
deu,2022,d03,375.1
deu,2022,d04,296.86
deu,2022,d05,242.22
deu,2022,d06,191.8
deu,2022,d07,143.2
deu,2022,d08,98.43
deu,2022,d09,78.38
deu,2022,d10,72.31
dji,2022,d01,250.55
dji,2022,d02,199.33
dji,2022,d03,168.31
dji,2022,d04,148.02
dji,2022,d05,126.22
dji,2022,d06,105.92
dji,2022,d07,88.92
dji,2022,d08,72.6
dji,2022,d09,56.09
dji,2022,d10,30.7
dnk,2022,d01,59.54
dnk,2022,d02,38.94
dnk,2022,d03,29.93
dnk,2022,d04,23.83
dnk,2022,d05,20.52
dnk,2022,d06,17.3
dnk,2022,d07,13.92
dnk,2022,d08,11.01
dnk,2022,d09,7.76
dnk,2022,d10,6.82
dom,2022,d01,1272.75
dom,2022,d02,928.66
dom,2022,d03,771.1
dom,2022,d04,670.83
dom,2022,d05,582.14
dom,2022,d06,506.47
dom,2022,d07,449.34
dom,2022,d08,404.96
dom,2022,d09,324.4
dom,2022,d10,258.26
dza,2022,d01,3278.06
dza,2022,d02,2609.96
dza,2022,d03,2247.59
dza,2022,d04,2055.28
dza,2022,d05,1884.76
dza,2022,d06,1691.61
dza,2022,d07,1515.32
dza,2022,d08,1368.53
dza,2022,d09,1207.44
dza,2022,d10,1004.07
ecu,2022,d01,867.58
ecu,2022,d02,628.56
ecu,2022,d03,490.1
ecu,2022,d04,410.84
ecu,2022,d05,347.43
ecu,2022,d06,280.57
ecu,2022,d07,244.81
ecu,2022,d08,214.4
ecu,2022,d09,174.56
ecu,2022,d10,121.04
egy,2022,d01,7773
egy,2022,d02,6427.48
egy,2022,d03,5606.76
egy,2022,d04,5193.88
egy,2022,d05,4800.07
egy,2022,d06,4349.31
egy,2022,d07,3890.82
egy,2022,d08,3546.34
egy,2022,d09,2968.36
egy,2022,d10,2347.05
eri,2022,d01,574.07
eri,2022,d02,497.02
eri,2022,d03,453
eri,2022,d04,430.31
eri,2022,d05,402.86
eri,2022,d06,371.1
eri,2022,d07,344.22
eri,2022,d08,316.61
eri,2022,d09,277.64
eri,2022,d10,232.15
esp,2022,d01,243.19
esp,2022,d02,171.61
esp,2022,d03,136.52
esp,2022,d04,108.04
esp,2022,d05,88.16
esp,2022,d06,69.81
esp,2022,d07,52.12
esp,2022,d08,35.83
esp,2022,d09,28.53
esp,2022,d10,26.32
est,2022,d01,8.73
est,2022,d02,6.16
est,2022,d03,4.9
est,2022,d04,3.88
est,2022,d05,3.16
est,2022,d06,2.51
est,2022,d07,1.87
est,2022,d08,1.29
est,2022,d09,1.02
est,2022,d10,0.94
eth,2022,d01,28466.64
eth,2022,d02,23828.51
eth,2022,d03,21309.35
eth,2022,d04,19512.42
eth,2022,d05,17396.46
eth,2022,d06,15305.22
eth,2022,d07,13718.73
eth,2022,d08,11996.56
eth,2022,d09,9669.67
eth,2022,d10,5399.18
fin,2022,d01,21.58
fin,2022,d02,16.4
fin,2022,d03,13.44
fin,2022,d04,10.59
fin,2022,d05,8.23
fin,2022,d06,6.11
fin,2022,d07,4.18
fin,2022,d08,2.33
fin,2022,d09,2.24
fin,2022,d10,2.19
fji,2022,d01,89.23
fji,2022,d02,58.85
fji,2022,d03,44.3
fji,2022,d04,36.4
fji,2022,d05,32.17
fji,2022,d06,29.68
fji,2022,d07,27.22
fji,2022,d08,25.15
fji,2022,d09,23.41
fji,2022,d10,18.3
fra,2022,d01,699.33
fra,2022,d02,493.48
fra,2022,d03,392.58
fra,2022,d04,310.7
fra,2022,d05,253.51
fra,2022,d06,200.74
fra,2022,d07,149.88
fra,2022,d08,103.02
fra,2022,d09,82.03
fra,2022,d10,75.68
fsm,2022,d01,12.52
fsm,2022,d02,8.26
fsm,2022,d03,6.22
fsm,2022,d04,5.11
fsm,2022,d05,4.51
fsm,2022,d06,4.17
fsm,2022,d07,3.82
fsm,2022,d08,3.53
fsm,2022,d09,3.29
fsm,2022,d10,2.57
gab,2022,d01,529.24
gab,2022,d02,393.19
gab,2022,d03,311.1
gab,2022,d04,269.55
gab,2022,d05,234.22
gab,2022,d06,204.92
gab,2022,d07,183.73
gab,2022,d08,166.73
gab,2022,d09,150.47
gab,2022,d10,104.98
gbr,2022,d01,643
gbr,2022,d02,488.59
gbr,2022,d03,400.51
gbr,2022,d04,315.43
gbr,2022,d05,245.14
gbr,2022,d06,182.17
gbr,2022,d07,124.62
gbr,2022,d08,69.35
gbr,2022,d09,66.59
gbr,2022,d10,65.26
geo,2022,d01,90.78
geo,2022,d02,74.59
geo,2022,d03,63.65
geo,2022,d04,55.14
geo,2022,d05,44.93
geo,2022,d06,42.32
geo,2022,d07,39.14
geo,2022,d08,33.5
geo,2022,d09,22.59
geo,2022,d10,3.18
gha,2022,d01,6740.2
gha,2022,d02,5428.58
gha,2022,d03,4692.45
gha,2022,d04,4395.52
gha,2022,d05,3946.73
gha,2022,d06,3488.54
gha,2022,d07,3171.06
gha,2022,d08,2801.95
gha,2022,d09,2431.61
gha,2022,d10,1822.46
gin,2022,d01,7428.91
gin,2022,d02,6603.13
gin,2022,d03,5977.42
gin,2022,d04,5521.1
gin,2022,d05,5124.45
gin,2022,d06,4398.39
gin,2022,d07,3716.45
gin,2022,d08,3140.89
gin,2022,d09,2216.15
gin,2022,d10,949.98
gmb,2022,d01,613.12
gmb,2022,d02,531.36
gmb,2022,d03,478.89
gmb,2022,d04,436.41
gmb,2022,d05,396.3
gmb,2022,d06,354.12
gmb,2022,d07,311.62
gmb,2022,d08,276.26
gmb,2022,d09,238.4
gmb,2022,d10,189.5
gnb,2022,d01,657.27
gnb,2022,d02,626.3
gnb,2022,d03,603.76
gnb,2022,d04,570.61
gnb,2022,d05,527.66
gnb,2022,d06,468.3
gnb,2022,d07,406.83
gnb,2022,d08,340.8
gnb,2022,d09,267.29
gnb,2022,d10,165.6
gnq,2022,d01,669.57
gnq,2022,d02,555.21
gnq,2022,d03,472.54
gnq,2022,d04,416.34
gnq,2022,d05,361.02
gnq,2022,d06,313.31
gnq,2022,d07,260.81
gnq,2022,d08,226.73
gnq,2022,d09,188.67
gnq,2022,d10,116.25
grc,2022,d01,71.96
grc,2022,d02,50.78
grc,2022,d03,40.4
grc,2022,d04,31.97
grc,2022,d05,26.09
grc,2022,d06,20.66
grc,2022,d07,15.42
grc,2022,d08,10.6
grc,2022,d09,8.44
grc,2022,d10,7.79
grd,2022,d01,6.96
grd,2022,d02,4.59
grd,2022,d03,3.45
grd,2022,d04,2.84
grd,2022,d05,2.51
grd,2022,d06,2.31
grd,2022,d07,2.12
grd,2022,d08,1.96
grd,2022,d09,1.83
grd,2022,d10,1.43
gtm,2022,d01,2081.54
gtm,2022,d02,1595.39
gtm,2022,d03,1285.62
gtm,2022,d04,1031.13
gtm,2022,d05,816.4
gtm,2022,d06,671.2
gtm,2022,d07,560.29
gtm,2022,d08,453.46
gtm,2022,d09,336.63
gtm,2022,d10,178.18
guy,2022,d01,127.57
guy,2022,d02,88.55
guy,2022,d03,65.53
guy,2022,d04,51.1
guy,2022,d05,38.69
guy,2022,d06,29.78
guy,2022,d07,21.18
guy,2022,d08,15.86
guy,2022,d09,13.14
guy,2022,d10,12.56
hnd,2022,d01,782.84
hnd,2022,d02,567.17
hnd,2022,d03,442.23
hnd,2022,d04,370.71
hnd,2022,d05,313.5
hnd,2022,d06,253.16
hnd,2022,d07,220.9
hnd,2022,d08,193.46
hnd,2022,d09,157.51
hnd,2022,d10,109.22
hrv,2022,d01,32.06
hrv,2022,d02,22.62
hrv,2022,d03,18
hrv,2022,d04,14.24
hrv,2022,d05,11.62
hrv,2022,d06,9.2
hrv,2022,d07,6.87
hrv,2022,d08,4.72
hrv,2022,d09,3.76
hrv,2022,d10,3.47
hti,2022,d01,2972.77
hti,2022,d02,2365.04
hti,2022,d03,1997.03
hti,2022,d04,1756.23
hti,2022,d05,1497.6
hti,2022,d06,1256.72
hti,2022,d07,1055.08
hti,2022,d08,861.44
hti,2022,d09,665.51
hti,2022,d10,364.3
hun,2022,d01,93.42
hun,2022,d02,61.1
hun,2022,d03,46.97
hun,2022,d04,37.39
hun,2022,d05,32.2
hun,2022,d06,27.15
hun,2022,d07,21.85
hun,2022,d08,17.28
hun,2022,d09,12.18
hun,2022,d10,10.71
idn,2022,d01,22051.71
idn,2022,d02,14543.47
idn,2022,d03,10947.41
idn,2022,d04,8995.15
idn,2022,d05,7949.33
idn,2022,d06,7333.89
idn,2022,d07,6725.8
idn,2022,d08,6214.69
idn,2022,d09,5784.5
idn,2022,d10,4521.59
ind,2022,d01,158494.92
ind,2022,d02,120394.17
ind,2022,d03,97979.57
ind,2022,d04,82359.54
ind,2022,d05,69841.65
ind,2022,d06,59150.36
ind,2022,d07,50260.58
ind,2022,d08,41938.28
ind,2022,d09,33885.78
ind,2022,d10,20208.62
irl,2022,d01,45.69
irl,2022,d02,32.24
irl,2022,d03,25.65
irl,2022,d04,20.3
irl,2022,d05,16.56
irl,2022,d06,13.12
irl,2022,d07,9.79
irl,2022,d08,6.73
irl,2022,d09,5.36
irl,2022,d10,4.94
irn,2022,d01,5217.81
irn,2022,d02,3110.23
irn,2022,d03,1944.23
irn,2022,d04,1323.33
irn,2022,d05,1004.46
irn,2022,d06,713.61
irn,2022,d07,498.86
irn,2022,d08,388.45
irn,2022,d09,303.62
irn,2022,d10,276.44
irq,2022,d01,3930.48
irq,2022,d02,3371.84
irq,2022,d03,3048.82
irq,2022,d04,2866.21
irq,2022,d05,2618.59
irq,2022,d06,2352.33
irq,2022,d07,2145.11
irq,2022,d08,1941.47
irq,2022,d09,1722.41
irq,2022,d10,1388.23
isl,2022,d01,3.91
isl,2022,d02,2.76
isl,2022,d03,2.19
isl,2022,d04,1.74
isl,2022,d05,1.42
isl,2022,d06,1.12
isl,2022,d07,0.84
isl,2022,d08,0.58
isl,2022,d09,0.46
isl,2022,d10,0.42
isr,2022,d01,148.09
isr,2022,d02,96.84
isr,2022,d03,74.45
isr,2022,d04,59.26
isr,2022,d05,51.04
isr,2022,d06,43.04
isr,2022,d07,34.63
isr,2022,d08,27.39
isr,2022,d09,19.31
isr,2022,d10,16.97
ita,2022,d01,253.49
ita,2022,d02,178.87
ita,2022,d03,142.3
ita,2022,d04,112.62
ita,2022,d05,91.89
ita,2022,d06,72.76
ita,2022,d07,54.33
ita,2022,d08,37.34
ita,2022,d09,29.74
ita,2022,d10,27.43
jam,2022,d01,106.21
jam,2022,d02,72.57
jam,2022,d03,55.23
jam,2022,d04,44.23
jam,2022,d05,36.49
jam,2022,d06,27.71
jam,2022,d07,23.41
jam,2022,d08,19.37
jam,2022,d09,15.98
jam,2022,d10,11.87
jor,2022,d01,660.07
jor,2022,d02,539.36
jor,2022,d03,462.27
jor,2022,d04,417.31
jor,2022,d05,365.15
jor,2022,d06,327.44
jor,2022,d07,273.14
jor,2022,d08,232.62
jor,2022,d09,186.71
jor,2022,d10,111.28
jpn,2022,d01,458.39
jpn,2022,d02,348.31
jpn,2022,d03,285.52
jpn,2022,d04,224.86
jpn,2022,d05,174.76
jpn,2022,d06,129.86
jpn,2022,d07,88.84
jpn,2022,d08,49.44
jpn,2022,d09,47.47
jpn,2022,d10,46.52
kaz,2022,d01,923.15
kaz,2022,d02,680.38
kaz,2022,d03,559.11
kaz,2022,d04,462.34
kaz,2022,d05,395.93
kaz,2022,d06,306.11
kaz,2022,d07,244.58
kaz,2022,d08,187.64
kaz,2022,d09,143.18
kaz,2022,d10,123.56
ken,2022,d01,9172.2
ken,2022,d02,7635.79
ken,2022,d03,6576.33
ken,2022,d04,5796.94
ken,2022,d05,5044.85
ken,2022,d06,4391.85
ken,2022,d07,3849.5
ken,2022,d08,3402.9
ken,2022,d09,2945.81
ken,2022,d10,2380.75
kgz,2022,d01,446.52
kgz,2022,d02,335.53
kgz,2022,d03,277.27
kgz,2022,d04,273.2
kgz,2022,d05,249.59
kgz,2022,d06,228.79
kgz,2022,d07,208.29
kgz,2022,d08,181.68
kgz,2022,d09,155.63
kgz,2022,d10,32.29
khm,2022,d01,1894.16
khm,2022,d02,1372.11
khm,2022,d03,1086.43
khm,2022,d04,875.46
khm,2022,d05,703.93
khm,2022,d06,602.01
khm,2022,d07,492.39
khm,2022,d08,374.99
khm,2022,d09,306.7
khm,2022,d10,147.51
kir,2022,d01,28.81
kir,2022,d02,22.9
kir,2022,d03,19.54
kir,2022,d04,18.74
kir,2022,d05,16.75
kir,2022,d06,15.49
kir,2022,d07,14.19
kir,2022,d08,12.85
kir,2022,d09,11.27
kir,2022,d10,6.45
kor,2022,d01,208.4
kor,2022,d02,136.29
kor,2022,d03,104.77
kor,2022,d04,83.4
kor,2022,d05,71.82
kor,2022,d06,60.57
kor,2022,d07,48.74
kor,2022,d08,38.54
kor,2022,d09,27.18
kor,2022,d10,23.89
kwt,2022,d01,89.82
kwt,2022,d02,63.38
kwt,2022,d03,50.42
kwt,2022,d04,39.91
kwt,2022,d05,32.56
kwt,2022,d06,25.78
kwt,2022,d07,19.25
kwt,2022,d08,13.23
kwt,2022,d09,10.54
kwt,2022,d10,9.72
lao,2022,d01,1426.25
lao,2022,d02,1136.1
lao,2022,d03,945.31
lao,2022,d04,766.05
lao,2022,d05,612.28
lao,2022,d06,462.86
lao,2022,d07,360.89
lao,2022,d08,280
lao,2022,d09,196.98
lao,2022,d10,73.02
lbn,2022,d01,130.34
lbn,2022,d02,100.28
lbn,2022,d03,87.83
lbn,2022,d04,78.99
lbn,2022,d05,73.22
lbn,2022,d06,64.09
lbn,2022,d07,60.45
lbn,2022,d08,55.21
lbn,2022,d09,48.95
lbn,2022,d10,39.65
lbr,2022,d01,2030.52
lbr,2022,d02,1737.36
lbr,2022,d03,1565.43
lbr,2022,d04,1476.42
lbr,2022,d05,1311.68
lbr,2022,d06,1141.45
lbr,2022,d07,970.17
lbr,2022,d08,835.61
lbr,2022,d09,710.69
lbr,2022,d10,410.65
lby,2022,d01,247.08
lby,2022,d02,203.01
lby,2022,d03,173.23
lby,2022,d04,150.08
lby,2022,d05,122.28
lby,2022,d06,115.18
lby,2022,d07,106.54
lby,2022,d08,91.17
lby,2022,d09,61.49
lby,2022,d10,8.66
lca,2022,d01,12.06
lca,2022,d02,7.95
lca,2022,d03,5.99
lca,2022,d04,4.92
lca,2022,d05,4.35
lca,2022,d06,4.01
lca,2022,d07,3.68
lca,2022,d08,3.4
lca,2022,d09,3.16
lca,2022,d10,2.47
lka,2022,d01,447.04
lka,2022,d02,316.39
lka,2022,d03,248.16
lka,2022,d04,206.42
lka,2022,d05,178.42
lka,2022,d06,157.43
lka,2022,d07,138.96
lka,2022,d08,122.28
lka,2022,d09,106.81
lka,2022,d10,74.96
lso,2022,d01,823.7
lso,2022,d02,635.61
lso,2022,d03,540.99
lso,2022,d04,499.48
lso,2022,d05,439.15
lso,2022,d06,378.64
lso,2022,d07,325.84
lso,2022,d08,289.94
lso,2022,d09,249.8
lso,2022,d10,226.89
ltu,2022,d01,22.05
ltu,2022,d02,15.56
ltu,2022,d03,12.38
ltu,2022,d04,9.79
ltu,2022,d05,7.99
ltu,2022,d06,6.33
ltu,2022,d07,4.73
ltu,2022,d08,3.25
ltu,2022,d09,2.59
ltu,2022,d10,2.39
lux,2022,d01,3.13
lux,2022,d02,2.21
lux,2022,d03,1.75
lux,2022,d04,1.39
lux,2022,d05,1.13
lux,2022,d06,0.9
lux,2022,d07,0.67
lux,2022,d08,0.46
lux,2022,d09,0.37
lux,2022,d10,0.34
lva,2022,d01,14.79
lva,2022,d02,10.44
lva,2022,d03,8.31
lva,2022,d04,6.57
lva,2022,d05,5.36
lva,2022,d06,4.25
lva,2022,d07,3.17
lva,2022,d08,2.18
lva,2022,d09,1.74
lva,2022,d10,1.6
mar,2022,d01,2462.77
mar,2022,d02,1915.23
mar,2022,d03,1502.54
mar,2022,d04,1269.36
mar,2022,d05,1047
mar,2022,d06,797.5
mar,2022,d07,666.47
mar,2022,d08,558.11
mar,2022,d09,445.9
mar,2022,d10,288.23
mda,2022,d01,130.09
mda,2022,d02,86.81
mda,2022,d03,65.34
mda,2022,d04,57.46
mda,2022,d05,52.17
mda,2022,d06,46.71
mda,2022,d07,38.2
mda,2022,d08,35.69
mda,2022,d09,25.63
mda,2022,d10,7.91
mdg,2022,d01,9729.58
mdg,2022,d02,8392.1
mdg,2022,d03,7334.27
mdg,2022,d04,6467.79
mdg,2022,d05,5526.59
mdg,2022,d06,4823.94
mdg,2022,d07,3874.98
mdg,2022,d08,3215.16
mdg,2022,d09,2643.8
mdg,2022,d10,1847.02
mdv,2022,d01,10.11
mdv,2022,d02,7.22
mdv,2022,d03,5.54
mdv,2022,d04,5.53
mdv,2022,d05,4.96
mdv,2022,d06,4.59
mdv,2022,d07,3.99
mdv,2022,d08,3.6
mdv,2022,d09,3.03
mdv,2022,d10,2.44
mex,2022,d01,6990.74
mex,2022,d02,4613.82
mex,2022,d03,3231.62
mex,2022,d04,2399.23
mex,2022,d05,1821.01
mex,2022,d06,1402.41
mex,2022,d07,1136.51
mex,2022,d08,988.57
mex,2022,d09,812.34
mex,2022,d10,556.42
mkd,2022,d01,25.18
mkd,2022,d02,16.8
mkd,2022,d03,12.65
mkd,2022,d04,11.12
mkd,2022,d05,10.1
mkd,2022,d06,9.04
mkd,2022,d07,7.39
mkd,2022,d08,6.91
mkd,2022,d09,4.96
mkd,2022,d10,1.53
mli,2022,d01,12594.05
mli,2022,d02,11870.64
mli,2022,d03,11333.22
mli,2022,d04,10600.21
mli,2022,d05,9674.75
mli,2022,d06,8350.22
mli,2022,d07,7120.84
mli,2022,d08,5565.09
mli,2022,d09,4221.46
mli,2022,d10,2433.32
mlt,2022,d01,9.92
mlt,2022,d02,7
mlt,2022,d03,5.57
mlt,2022,d04,4.41
mlt,2022,d05,3.59
mlt,2022,d06,2.85
mlt,2022,d07,2.13
mlt,2022,d08,1.46
mlt,2022,d09,1.16
mlt,2022,d10,1.07
mmr,2022,d01,9308.91
mmr,2022,d02,6999.95
mmr,2022,d03,5610.91
mmr,2022,d04,4371.73
mmr,2022,d05,3520.46
mmr,2022,d06,2557.33
mmr,2022,d07,1966.42
mmr,2022,d08,1500.41
mmr,2022,d09,1062.69
mmr,2022,d10,535.89
mne,2022,d01,4.96
mne,2022,d02,3.31
mne,2022,d03,2.49
mne,2022,d04,2.19
mne,2022,d05,1.99
mne,2022,d06,1.78
mne,2022,d07,1.46
mne,2022,d08,1.36
mne,2022,d09,0.98
mne,2022,d10,0.3
mng,2022,d01,154.45
mng,2022,d02,114.6
mng,2022,d03,92.81
mng,2022,d04,77.11
mng,2022,d05,62.85
mng,2022,d06,55.93
mng,2022,d07,53.45
mng,2022,d08,49.21
mng,2022,d09,45.45
mng,2022,d10,44.05
moz,2022,d01,12384.02
moz,2022,d02,10850.64
moz,2022,d03,9927.72
moz,2022,d04,9712.11
moz,2022,d05,8962.01
moz,2022,d06,8145.72
moz,2022,d07,7281.55
moz,2022,d08,6297.74
moz,2022,d09,5134.3
moz,2022,d10,3430.73
mrt,2022,d01,1048.87
mrt,2022,d02,914.83
mrt,2022,d03,813.3
mrt,2022,d04,731.31
mrt,2022,d05,649.09
mrt,2022,d06,513.99
mrt,2022,d07,441
mrt,2022,d08,370.89
mrt,2022,d09,274.54
mrt,2022,d10,187.61
mus,2022,d01,39.88
mus,2022,d02,32.76
mus,2022,d03,27.96
mus,2022,d04,24.22
mus,2022,d05,19.73
mus,2022,d06,18.59
mus,2022,d07,17.19
mus,2022,d08,14.71
mus,2022,d09,9.92
mus,2022,d10,1.4
mwi,2022,d01,4193.39
mwi,2022,d02,3736.59
mwi,2022,d03,3434.65
mwi,2022,d04,3191.58
mwi,2022,d05,2912.33
mwi,2022,d06,2646.64
mwi,2022,d07,2359.11
mwi,2022,d08,2106.34
mwi,2022,d09,1770.61
mwi,2022,d10,896.71
mys,2022,d01,1099.46
mys,2022,d02,655.36
mys,2022,d03,409.67
mys,2022,d04,278.84
mys,2022,d05,211.65
mys,2022,d06,150.37
mys,2022,d07,105.12
mys,2022,d08,81.85
mys,2022,d09,63.98
mys,2022,d10,58.25
nam,2022,d01,499.95
nam,2022,d02,430.34
nam,2022,d03,382.49
nam,2022,d04,356.59
nam,2022,d05,316.13
nam,2022,d06,276.15
nam,2022,d07,234.19
nam,2022,d08,193.66
nam,2022,d09,142.3
nam,2022,d10,72.35
ner,2022,d01,16357.12
ner,2022,d02,15754.72
ner,2022,d03,15129.32
ner,2022,d04,14385.63
ner,2022,d05,13576.24
ner,2022,d06,12665.56
ner,2022,d07,11701.65
ner,2022,d08,10278.73
ner,2022,d09,8409.67
ner,2022,d10,3776.63
nga,2022,d01,142322.24
nga,2022,d02,134715.95
nga,2022,d03,124388.77
nga,2022,d04,111902.53
nga,2022,d05,96476.83
nga,2022,d06,79262.79
nga,2022,d07,63462.58
nga,2022,d08,49900.17
nga,2022,d09,36580.99
nga,2022,d10,20618.61
nic,2022,d01,432.95
nic,2022,d02,317.97
nic,2022,d03,249.13
nic,2022,d04,197.21
nic,2022,d05,158.97
nic,2022,d06,124.41
nic,2022,d07,98.24
nic,2022,d08,81.49
nic,2022,d09,61.54
nic,2022,d10,35.34
nld,2022,d01,157.08
nld,2022,d02,110.85
nld,2022,d03,88.18
nld,2022,d04,69.79
nld,2022,d05,56.94
nld,2022,d06,45.09
nld,2022,d07,33.67
nld,2022,d08,23.14
nld,2022,d09,18.43
nld,2022,d10,17
nor,2022,d01,27.35
nor,2022,d02,17.89
nor,2022,d03,13.75
nor,2022,d04,10.95
nor,2022,d05,9.43
nor,2022,d06,7.95
nor,2022,d07,6.4
nor,2022,d08,5.06
nor,2022,d09,3.57
nor,2022,d10,3.14
npl,2022,d01,3244.88
npl,2022,d02,2361.36
npl,2022,d03,1998.32
npl,2022,d04,1726.93
npl,2022,d05,1505.67
npl,2022,d06,1341.28
npl,2022,d07,1112.57
npl,2022,d08,782.9
npl,2022,d09,547.21
npl,2022,d10,168.32
nzl,2022,d01,68.27
nzl,2022,d02,48.18
nzl,2022,d03,38.33
nzl,2022,d04,30.33
nzl,2022,d05,24.75
nzl,2022,d06,19.6
nzl,2022,d07,14.63
nzl,2022,d08,10.06
nzl,2022,d09,8.01
nzl,2022,d10,7.39
omn,2022,d01,207.16
omn,2022,d02,130.69
omn,2022,d03,96.45
omn,2022,d04,81.15
omn,2022,d05,70.01
omn,2022,d06,57.46
omn,2022,d07,46.63
omn,2022,d08,41.74
omn,2022,d09,29.76
omn,2022,d10,24.1
pak,2022,d01,72886.05
pak,2022,d02,60050.65
pak,2022,d03,52359.92
pak,2022,d04,45980.89
pak,2022,d05,38887.74
pak,2022,d06,33848.03
pak,2022,d07,30887.74
pak,2022,d08,26727.09
pak,2022,d09,22311.52
pak,2022,d10,14797.85
pan,2022,d01,251.36
pan,2022,d02,190.66
pan,2022,d03,146.67
pan,2022,d04,114.02
pan,2022,d05,86.91
pan,2022,d06,68.91
pan,2022,d07,58.9
pan,2022,d08,49.37
pan,2022,d09,39.51
pan,2022,d10,28.48
per,2022,d01,1956.14
per,2022,d02,1368.23
per,2022,d03,1004.68
per,2022,d04,802.24
per,2022,d05,705.63
per,2022,d06,620.42
per,2022,d07,549.34
per,2022,d08,472.77
per,2022,d09,422.29
per,2022,d10,247.27
phl,2022,d01,16703.15
phl,2022,d02,11987.98
phl,2022,d03,9323.78
phl,2022,d04,7574.66
phl,2022,d05,5964.5
phl,2022,d06,4259.68
phl,2022,d07,3604.46
phl,2022,d08,2692.11
phl,2022,d09,1469.98
phl,2022,d10,892.47
png,2022,d01,1807.27
png,2022,d02,1552.82
png,2022,d03,1366.76
png,2022,d04,1227.51
png,2022,d05,1088.4
png,2022,d06,1023.01
png,2022,d07,889.54
png,2022,d08,785.91
png,2022,d09,679.53
png,2022,d10,419.74
pol,2022,d01,388.34
pol,2022,d02,274.03
pol,2022,d03,218.01
pol,2022,d04,172.53
pol,2022,d05,140.78
pol,2022,d06,111.47
pol,2022,d07,83.23
pol,2022,d08,57.21
pol,2022,d09,45.55
pol,2022,d10,42.03
prk,2022,d01,1265.73
prk,2022,d02,942.81
prk,2022,d03,770.97
prk,2022,d04,636.73
prk,2022,d05,527.35
prk,2022,d06,453.4
prk,2022,d07,380.66
prk,2022,d08,303.22
prk,2022,d09,248.15
prk,2022,d10,156.83
prt,2022,d01,55.9
prt,2022,d02,39.44
prt,2022,d03,31.38
prt,2022,d04,24.83
prt,2022,d05,20.26
prt,2022,d06,16.05
prt,2022,d07,11.98
prt,2022,d08,8.23
prt,2022,d09,6.56
prt,2022,d10,6.05
pry,2022,d01,814.68
pry,2022,d02,521.82
pry,2022,d03,360.44
pry,2022,d04,280.93
pry,2022,d05,223.16
pry,2022,d06,187.07
pry,2022,d07,115.38
pry,2022,d08,77.68
pry,2022,d09,59.74
pry,2022,d10,17.23
pse,2022,d01,380.26
pse,2022,d02,292.55
pse,2022,d03,256.23
pse,2022,d04,230.44
pse,2022,d05,213.63
pse,2022,d06,186.99
pse,2022,d07,176.38
pse,2022,d08,161.06
pse,2022,d09,142.82
pse,2022,d10,115.67
qat,2022,d01,39.16
qat,2022,d02,25.61
qat,2022,d03,19.69
qat,2022,d04,15.67
qat,2022,d05,13.5
qat,2022,d06,11.38
qat,2022,d07,9.16
qat,2022,d08,7.24
qat,2022,d09,5.11
qat,2022,d10,4.49
rou,2022,d01,310.26
rou,2022,d02,219.28
rou,2022,d03,163.64
rou,2022,d04,134.21
rou,2022,d05,110.72
rou,2022,d06,97.24
rou,2022,d07,76.1
rou,2022,d08,68.52
rou,2022,d09,52.24
rou,2022,d10,26.38
rus,2022,d01,2710.93
rus,2022,d02,1615.93
rus,2022,d03,1010.13
rus,2022,d04,687.54
rus,2022,d05,521.87
rus,2022,d06,370.76
rus,2022,d07,259.18
rus,2022,d08,201.82
rus,2022,d09,157.75
rus,2022,d10,143.63
rwa,2022,d01,2677.9
rwa,2022,d02,2278.67
rwa,2022,d03,2006.74
rwa,2022,d04,1757.81
rwa,2022,d05,1554.45
rwa,2022,d06,1420.26
rwa,2022,d07,1243.71
rwa,2022,d08,1096.29
rwa,2022,d09,940.41
rwa,2022,d10,533.37
sau,2022,d01,1049.28
sau,2022,d02,664.01
sau,2022,d03,528.07
sau,2022,d04,396.73
sau,2022,d05,349.1
sau,2022,d06,306
sau,2022,d07,263.91
sau,2022,d08,225.61
sau,2022,d09,190.2
sau,2022,d10,153.54
sdn,2022,d01,12095.93
sdn,2022,d02,11102.6
sdn,2022,d03,10430.54
sdn,2022,d04,9691.47
sdn,2022,d05,8903.15
sdn,2022,d06,8063.59
sdn,2022,d07,6934.69
sdn,2022,d08,5830.2
sdn,2022,d09,4675.32
sdn,2022,d10,2931.88
sen,2022,d01,3627.78
sen,2022,d02,3005.85
sen,2022,d03,2506.54
sen,2022,d04,2101.73
sen,2022,d05,1794.19
sen,2022,d06,1462.95
sen,2022,d07,1210.87
sen,2022,d08,1005.89
sen,2022,d09,895.49
sen,2022,d10,675.09
sgp,2022,d01,22.99
sgp,2022,d02,16.23
sgp,2022,d03,12.91
sgp,2022,d04,10.22
sgp,2022,d05,8.34
sgp,2022,d06,6.6
sgp,2022,d07,4.93
sgp,2022,d08,3.39
sgp,2022,d09,2.7
sgp,2022,d10,2.49
slb,2022,d01,69.14
slb,2022,d02,53.19
slb,2022,d03,46.59
slb,2022,d04,41.9
slb,2022,d05,38.84
slb,2022,d06,34
slb,2022,d07,32.07
slb,2022,d08,29.28
slb,2022,d09,25.97
slb,2022,d10,21.03
sle,2022,d01,3989.71
sle,2022,d02,3650.66
sle,2022,d03,3426.59
sle,2022,d04,3230.05
sle,2022,d05,2914.9
sle,2022,d06,2592.66
sle,2022,d07,2292.97
sle,2022,d08,1938.93
sle,2022,d09,1581.39
sle,2022,d10,901.16
slv,2022,d01,312.49
slv,2022,d02,198.83
slv,2022,d03,146.59
slv,2022,d04,118.89
slv,2022,d05,100.59
slv,2022,d06,73.9
slv,2022,d07,66.99
slv,2022,d08,55.3
slv,2022,d09,49.42
slv,2022,d10,43.62
som,2022,d01,9770.47
som,2022,d02,8948.32
som,2022,d03,8562.4
som,2022,d04,8347.49
som,2022,d05,7916.13
som,2022,d06,7409.1
som,2022,d07,7104.35
som,2022,d08,6586.98
som,2022,d09,6005.05
som,2022,d10,5239.76
srb,2022,d01,91.85
srb,2022,d02,60.66
srb,2022,d03,46.16
srb,2022,d04,38.58
srb,2022,d05,34.14
srb,2022,d06,29.7
srb,2022,d07,24.11
srb,2022,d08,20.92
srb,2022,d09,14.91
srb,2022,d10,8.16
ssd,2022,d01,4043.2
ssd,2022,d02,3650.07
ssd,2022,d03,3324.04
ssd,2022,d04,3194.09
ssd,2022,d05,2971.49
ssd,2022,d06,2820.75
ssd,2022,d07,2626.85
ssd,2022,d08,2496.34
ssd,2022,d09,2318.58
ssd,2022,d10,2092.7
stp,2022,d01,24.5
stp,2022,d02,17.25
stp,2022,d03,12.86
stp,2022,d04,10.54
stp,2022,d05,8.25
stp,2022,d06,7.16
stp,2022,d07,6.44
stp,2022,d08,5.67
stp,2022,d09,4.86
stp,2022,d10,3.68
sur,2022,d01,49.34
sur,2022,d02,32.47
sur,2022,d03,25.72
sur,2022,d04,21.93
sur,2022,d05,19.09
sur,2022,d06,16.86
sur,2022,d07,14.68
sur,2022,d08,12.26
sur,2022,d09,7.82
sur,2022,d10,0.83
svk,2022,d01,77.89
svk,2022,d02,50.94
svk,2022,d03,39.16
svk,2022,d04,31.17
svk,2022,d05,26.84
svk,2022,d06,22.64
svk,2022,d07,18.22
svk,2022,d08,14.4
svk,2022,d09,10.16
svk,2022,d10,8.93
svn,2022,d01,8.33
svn,2022,d02,5.88
svn,2022,d03,4.67
svn,2022,d04,3.7
svn,2022,d05,3.02
svn,2022,d06,2.39
svn,2022,d07,1.78
svn,2022,d08,1.23
svn,2022,d09,0.98
svn,2022,d10,0.9
swe,2022,d01,68.36
swe,2022,d02,44.71
swe,2022,d03,34.37
swe,2022,d04,27.36
swe,2022,d05,23.56
swe,2022,d06,19.87
swe,2022,d07,15.99
swe,2022,d08,12.64
swe,2022,d09,8.91
swe,2022,d10,7.84
swz,2022,d01,293.73
swz,2022,d02,238.03
swz,2022,d03,194.9
swz,2022,d04,176.14
swz,2022,d05,155.75
swz,2022,d06,136.53
swz,2022,d07,117.91
swz,2022,d08,108.95
swz,2022,d09,92.37
swz,2022,d10,56.48
syc,2022,d01,5.1
syc,2022,d02,3.37
syc,2022,d03,2.53
syc,2022,d04,2.08
syc,2022,d05,1.84
syc,2022,d06,1.7
syc,2022,d07,1.56
syc,2022,d08,1.44
syc,2022,d09,1.34
syc,2022,d10,1.05
syr,2022,d01,1548.1
syr,2022,d02,1293.23
syr,2022,d03,1132.53
syr,2022,d04,1005.14
syr,2022,d05,879.78
syr,2022,d06,781.73
syr,2022,d07,669.25
syr,2022,d08,586.48
syr,2022,d09,495.98
syr,2022,d10,293.71
tcd,2022,d01,10022.31
tcd,2022,d02,9121.82
tcd,2022,d03,8716.29
tcd,2022,d04,8690.41
tcd,2022,d05,8174.24
tcd,2022,d06,7650.34
tcd,2022,d07,7057.2
tcd,2022,d08,6468.17
tcd,2022,d09,5829.41
tcd,2022,d10,3737.25
tgo,2022,d01,3090.94
tgo,2022,d02,2607
tgo,2022,d03,2252.99
tgo,2022,d04,1977.07
tgo,2022,d05,1727.6
tgo,2022,d06,1521.45
tgo,2022,d07,1278.52
tgo,2022,d08,1136.65
tgo,2022,d09,913.48
tgo,2022,d10,624.38
tha,2022,d01,1563.28
tha,2022,d02,971.16
tha,2022,d03,659.26
tha,2022,d04,492.12
tha,2022,d05,405.07
tha,2022,d06,335.18
tha,2022,d07,279.26
tha,2022,d08,244.93
tha,2022,d09,217.5
tha,2022,d10,177.09
tjk,2022,d01,1256.27
tjk,2022,d02,1045.47
tjk,2022,d03,899.72
tjk,2022,d04,820.4
tjk,2022,d05,748.86
tjk,2022,d06,666.74
tjk,2022,d07,608.85
tjk,2022,d08,476.43
tjk,2022,d09,407.2
tjk,2022,d10,173.27
tkm,2022,d01,870.24
tkm,2022,d02,751.29
tkm,2022,d03,654.07
tkm,2022,d04,592.82
tkm,2022,d05,531.87
tkm,2022,d06,499.53
tkm,2022,d07,425.36
tkm,2022,d08,372.77
tkm,2022,d09,346.68
tkm,2022,d10,223.72
tls,2022,d01,267.62
tls,2022,d02,225.32
tls,2022,d03,197.4
tls,2022,d04,174.76
tls,2022,d05,152.86
tls,2022,d06,139.33
tls,2022,d07,124.89
tls,2022,d08,108.37
tls,2022,d09,89.31
tls,2022,d10,54.65
tto,2022,d01,67.52
tto,2022,d02,44.53
tto,2022,d03,33.52
tto,2022,d04,27.54
tto,2022,d05,24.34
tto,2022,d06,22.45
tto,2022,d07,20.59
tto,2022,d08,19.03
tto,2022,d09,17.71
tto,2022,d10,13.84
tun,2022,d01,607.74
tun,2022,d02,499.35
tun,2022,d03,426.09
tun,2022,d04,369.15
tun,2022,d05,300.77
tun,2022,d06,283.32
tun,2022,d07,262.05
tun,2022,d08,224.24
tun,2022,d09,151.24
tun,2022,d10,21.31
tur,2022,d01,3006.91
tur,2022,d02,1896.94
tur,2022,d03,1399.92
tur,2022,d04,1177.82
tur,2022,d05,1016.1
tur,2022,d06,834.04
tur,2022,d07,676.78
tur,2022,d08,605.85
tur,2022,d09,431.93
tur,2022,d10,349.76
tza,2022,d01,16379.43
tza,2022,d02,14058.95
tza,2022,d03,12444.03
tza,2022,d04,11525.22
tza,2022,d05,10407.82
tza,2022,d06,9350.56
tza,2022,d07,8244.23
tza,2022,d08,7249.37
tza,2022,d09,5957.12
tza,2022,d10,4135.65
uga,2022,d01,10433.01
uga,2022,d02,9363.89
uga,2022,d03,8555.72
uga,2022,d04,7992.45
uga,2022,d05,7361.17
uga,2022,d06,6675.29
uga,2022,d07,6000.76
uga,2022,d08,5341.35
uga,2022,d09,4656.86
uga,2022,d10,3315.46
ukr,2022,d01,1102.55
ukr,2022,d02,750.7
ukr,2022,d03,497.09
ukr,2022,d04,352.32
ukr,2022,d05,253.22
ukr,2022,d06,223.27
ukr,2022,d07,141.48
ukr,2022,d08,110.12
ukr,2022,d09,92.32
ukr,2022,d10,24.23
ury,2022,d01,65.94
ury,2022,d02,49.55
ury,2022,d03,36.44
ury,2022,d04,27.41
ury,2022,d05,20.02
ury,2022,d06,15.19
ury,2022,d07,13.37
ury,2022,d08,11.67
ury,2022,d09,10.1
ury,2022,d10,9.13
usa,2022,d01,6801.59
usa,2022,d02,4543.67
usa,2022,d03,3120.93
usa,2022,d04,2179.08
usa,2022,d05,1527.73
usa,2022,d06,1117.15
usa,2022,d07,879.95
usa,2022,d08,679.71
usa,2022,d09,499.19
usa,2022,d10,414.17
uzb,2022,d01,2238.84
uzb,2022,d02,1761.89
uzb,2022,d03,1476.64
uzb,2022,d04,1321.82
uzb,2022,d05,1148.65
uzb,2022,d06,1038.08
uzb,2022,d07,927.21
uzb,2022,d08,822.45
uzb,2022,d09,671.41
uzb,2022,d10,397.78
vct,2022,d01,4.64
vct,2022,d02,3.06
vct,2022,d03,2.3
vct,2022,d04,1.89
vct,2022,d05,1.67
vct,2022,d06,1.54
vct,2022,d07,1.41
vct,2022,d08,1.31
vct,2022,d09,1.22
vct,2022,d10,0.95
ven,2022,d01,2621.69
ven,2022,d02,1949.68
ven,2022,d03,1444.47
ven,2022,d04,1111.82
ven,2022,d05,827.23
ven,2022,d06,709.74
ven,2022,d07,524.58
ven,2022,d08,447.76
ven,2022,d09,371.15
ven,2022,d10,282.3
vnm,2022,d01,9107.2
vnm,2022,d02,5079.45
vnm,2022,d03,2868.42
vnm,2022,d04,2204.89
vnm,2022,d05,1871.18
vnm,2022,d06,1693.75
vnm,2022,d07,1513.84
vnm,2022,d08,1337.17
vnm,2022,d09,1186.27
vnm,2022,d10,900.93
vut,2022,d01,47.04
vut,2022,d02,31.02
vut,2022,d03,23.35
vut,2022,d04,19.19
vut,2022,d05,16.96
vut,2022,d06,15.64
vut,2022,d07,14.35
vut,2022,d08,13.26
vut,2022,d09,12.34
vut,2022,d10,9.65
wsm,2022,d01,29.42
wsm,2022,d02,18.88
wsm,2022,d03,12.81
wsm,2022,d04,9.66
wsm,2022,d05,8.23
wsm,2022,d06,7.49
wsm,2022,d07,6.83
wsm,2022,d08,6.17
wsm,2022,d09,5.44
wsm,2022,d10,1.99
yem,2022,d01,10546.51
yem,2022,d02,9237.26
yem,2022,d03,8253.73
yem,2022,d04,7349.91
yem,2022,d05,6515.38
yem,2022,d06,5557.6
yem,2022,d07,4674.14
yem,2022,d08,3943.45
yem,2022,d09,3377.42
yem,2022,d10,2473.45
zaf,2022,d01,7513.8
zaf,2022,d02,5998.48
zaf,2022,d03,5145.98
zaf,2022,d04,4551.1
zaf,2022,d05,3930.03
zaf,2022,d06,3643
zaf,2022,d07,3173.42
zaf,2022,d08,2880.39
zaf,2022,d09,2408.28
zaf,2022,d10,1117.58
zmb,2022,d01,6451.42
zmb,2022,d02,5405.25
zmb,2022,d03,4549.65
zmb,2022,d04,4147.21
zmb,2022,d05,3688.31
zmb,2022,d06,3221.92
zmb,2022,d07,2779.41
zmb,2022,d08,2367.86
zmb,2022,d09,2029.45
zmb,2022,d10,1582.16
zwe,2022,d01,4071.33
zwe,2022,d02,3486.67
zwe,2022,d03,3062.34
zwe,2022,d04,2802.76
zwe,2022,d05,2498.23
zwe,2022,d06,2247
zwe,2022,d07,1980.46
zwe,2022,d08,1775.7
zwe,2022,d09,1497.41
zwe,2022,d10,1151.18